CELLNUM,SCNUM,BNDLW, APCLD,FILE,XLOC,YLOC,KINOB,KINOT,PERI,OUT,DIST,DV,CLASS
1,51,120,183,1,200,400,0,1,0,1,-4637.2,30,1
2,37,110,235,19,2060,1775,0,1,0,1,-2328.9,1405,1
3,48,84,107,3,5370,1560,0,1,0,1,-610,1190,1
4,43,104,133,4,6675,1520,0,1,1,0,0,1150,1
5,40,95,121,4,6975,1385,0,1,1,0,0,1015,1
6,36,120,175,8,13560,370,0,1,0,1,-1991.9,0,1
7,27,95,135,10,15750,1630,0,1,0,1,-416.9,1260,1
8,43,96,133,11,15570,2006,0,1,1,0,0,1636,1
9,32,77,110,11,15942,2257,0,1,1,0,0,1887,1
10,21,91,150,11,16286,2302,0,1,1,0,0,1932,1
11,43,128,185,11,15765,2796,0,1,0,0,567.3,2426,1
12,51,114,152,11,15345,2598,0,1,0,0,608.4,2228,1
13,30,124,186,11,15631,3124,0,1,0,0,917.5,2754,1
14,50,113,135,11,15876,3128,0,0,0,0,701.4,2758,0
15,12,66,74,11,16535,2817,0,1,1,0,0,2447,1
16,29,88,116,11,16630,3131,0,1,1,0,0,2761,1
17,30,86,113,12,13874,1937,0,1,0,1,-563.6,1567,1
18,40,90,167,12,14835,1999,0,1,1,0,0,1629,1
19,37,74,110,12,15135,2027,0,1,1,0,0,1657,1
20,41,97,132,12,14517,2117,0,0,1,0,0,1747,0
21,62,117,162,12,14071,2465,0,1,1,0,0,2095,1
22,52,97,148,12,14495,2335,0,1,0,0,219.1,1965,1
23,66,101,189,12,15053,2399,0,0,0,0,380.9,2029,0
24,47,181,271,12,13813,1719,0,1,0,0,789.4,1349,1
25,65,153,305,12,14263,2637,0,1,0,0,257.8,2267,1
26,47,169,251,12,14671,2597,0,1,0,0,504.1,2227,1
27,45,124,202,12,15035,2673,1,1,0,0,653.7,2303,3
28,48,124,304,12,13831,3029,1,1,0,0,612.9,2659,3
29,60,146,282,12,14275,2979,1,1,0,0,553,2609,3
30,54,146,300,12,14651,2895,0,0,0,0,722,2525,0
31,53,186,314,12,14829,3097,0,0,0,0,986.9,2727,0
32,59,166,319,12,15199,2923,0,1,0,0,898.3,2553,1
33,39,83,104,13,13286,2252,0,1,0,0,150.7,1882,1
34,68,103,147,13,12761,2609,0,1,0,0,466.3,2239,1
35,41,110,152,13,12461,2252,0,0,1,0,0,1882,0
36,44,115,126,13,13373,2375,0,1,1,0,0,2005,1
37,31,97,152,13,13556,2975,0,1,0,0,627.3,2605,1
38,55,179,298,13,13127,3074,0,1,0,0,741,2704,1
39,33,76,86,13,12899,2885,0,0,0,0,696.3,2515,0
40,52,139,154,13,12623,2876,0,1,0,0,644.7,2506,1
41,67,106,205,13,12041,2681,1,1,0,0,600.4,2311,3
42,61,130,220,14,11773,2561,1,1,0,0,372.2,2191,3
43,79,129,177,14,11597,2233,0,1,1,0,0,1863,1
44,36,86,101,14,11291,2163,0,1,1,0,0,1793,1
45,61,93,170,14,11007,2103,0,1,1,0,0,1733,1
46,60,102,172,14,10757,2145,0,1,1,0,0,1775,1
47,41,112,239,14,10505,2261,0,1,1,0,0,1891,1
48,61,133,185,14,10229,2179,0,1,1,0,0,1809,1
49,60,174,293,14,10469,2729,0,0,0,0,258,2359,0
50,28,73,97,14,10693,2601,1,1,1,0,0,2231,3
51,36,95,150,14,11083,2631,0,0,0,0,391.2,2261,0
52,50,150,199,14,11341,2613,1,1,0,0,452.8,2243,3
53,42,163,266,14,10357,3077,0,0,0,0,582.6,2707,0
54,31,101,201,14,10625,3065,0,0,0,0,469,2695,0
55,57,211,339,14,10885,2883,0,0,0,0,341.2,2513,0
56,63,174,323,14,11175,3047,0,0,0,0,656.7,2677,0
57,39,127,262,14,11461,2865,0,0,0,0,646.5,2495,0
58,55,148,267,14,11541,3089,0,0,0,0,857.8,2719,0
59,52,144,208,14,10231,2551,0,0,0,0,372,2181,0
60,61,101,162,15,9891,2078,0,1,0,0,352.8,1708,1
61,59,127,260,15,10027,2483,0,1,0,0,365,2113,1
62,61,174,306,15,10107,2911,0,1,0,0,662.9,2541,1
63,57,217,344,15,9847,2951,0,0,0,0,861.3,2581,0
64,62,130,223,15,9791,2387,0,0,0,0,484.9,2017,0
65,41,97,202,15,9671,2623,1,1,0,0,713.1,2253,3
66,40,134,231,15,9635,3107,0,0,0,0,1101.8,2737,0
67,57,181,330,15,9467,2847,1,1,0,0,873.2,2477,3
68,50,169,278,15,9263,2559,0,0,0,0,540.6,2189,0
69,40,120,170,15,9135,2267,1,1,0,0,242.1,1897,3
70,56,95,165,15,9167,2027,0,1,1,0,0,1657,1
71,52,93,133,15,8903,2015,0,1,1,0,0,1645,1
72,73,135,174,15,8647,2051,0,1,1,0,0,1681,1
73,53,169,245,15,8811,2367,0,1,0,0,356,1997,1
74,57,150,282,15,8967,2715,0,0,0,0,702.9,2345,0
75,28,108,209,15,8671,2707,0,0,0,0,656.4,2337,0
76,46,160,291,15,9083,3079,0,0,0,0,1055.3,2709,0
77,69,194,313,15,8747,3039,0,0,0,0,969.1,2669,0
78,34,106,155,16,8450,3161,1,1,0,0,733.6,2791,3
79,67,187,312,16,8384,2723,1,1,0,0,721.6,2353,3
80,43,116,160,16,8414,2420,1,1,0,0,436.4,2050,3
81,62,132,204,16,8180,2114,0,1,0,0,368.1,1744,1
82,65,110,175,16,8141,1748,0,1,1,0,0,1378,1
83,35,79,145,16,7976,2180,1,1,0,0,462.4,1810,3
84,46,151,302,16,8129,2480,0,0,0,0,672.6,2110,0
85,81,206,341,16,8198,3080,0,0,0,0,784,2710,0
86,30,100,135,16,7868,2873,1,1,0,0,1056.5,2503,3
87,58,201,295,16,7922,2651,1,1,0,0,882.6,2281,3
88,57,180,282,16,7808,2225,0,0,0,0,441.9,1855,0
89,44,106,134,16,7715,1793,0,0,1,0,0,1423,0
90,63,168,273,16,7469,2048,1,1,0,0,354.3,1678,3
91,39,120,235,16,7625,2411,0,0,0,0,624.5,2041,0
92,51,195,329,16,7661,2831,0,0,0,0,1039.4,2461,0
93,80,209,339,16,7349,2966,0,0,0,0,1228.8,2596,0
94,47,213,296,16,7388,2507,1,1,0,0,785.3,2137,3
95,43,105,212,16,7283,2057,1,1,0,0,506.3,1687,3
96,57,143,204,16,7058,1889,1,1,0,0,510.8,1519,3
97,51,123,288,16,6851,1994,0,1,0,0,399.2,1624,1
98,51,196,293,16,7133,2285,0,0,0,0,762.1,1915,0
99,38,123,215,16,7130,2591,1,1,0,0,989.5,2221,3
100,40,161,325,16,6983,2831,1,1,0,0,1173.3,2461,3
101,28,80,129,16,6854,3086,1,1,0,0,1362.2,2716,3
102,48,181,373,17,6635,2999,0,0,0,0,1201.2,2629,0
103,40,171,301,17,6665,2603,0,0,0,0,845.3,2233,0
104,29,68,160,17,6566,2354,1,1,0,0,579.4,1984,3
105,53,140,240,17,6635,2111,0,1,0,0,378.4,1741,1
106,51,119,195,17,6539,1745,0,0,1,0,0,1375,0
107,49,108,157,17,6275,1853,0,1,1,0,0,1483,1
108,61,152,241,17,6317,2120,0,0,0,0,270.3,1750,0
109,31,137,221,17,6422,2720,1,0,0,0,879.4,2350,2
110,51,178,290,17,6218,2906,1,0,0,0,1054.5,2536,2
111,61,135,268,17,6170,2465,0,0,0,0,620.9,2095,0
112,54,101,213,17,6014,2174,0,1,0,0,332.2,1804,1
113,48,75,145,17,5900,1862,0,1,1,0,0,1492,1
114,67,116,200,17,5633,2291,0,0,0,0,452.3,1921,0
115,45,133,188,17,5864,2474,1,0,0,0,613.1,2104,2
116,41,91,187,17,5885,2825,1,0,0,0,923.2,2455,2
117,34,115,184,17,5807,2987,0,0,0,0,985.3,2617,0
118,48,189,325,17,5537,3029,1,0,0,0,880,2659,2
119,54,167,269,17,5591,2633,1,1,0,0,577,2263,3
120,58,132,202,17,5186,2222,0,1,1,0,0,1852,1
121,48,85,148,17,5381,2417,0,1,0,0,275.8,2047,1
122,46,146,282,17,5294,2657,0,0,0,0,448.2,2287,0
123,35,93,177,17,5240,3083,1,1,0,0,862.7,2713,3
124,65,167,309,18,5021,2762,0,0,0,0,564.6,2392,0
125,62,106,181,18,4994,2417,0,0,0,0,273.7,2047,0
126,57,87,121,18,4739,2153,0,1,1,0,0,1783,1
127,58,140,221,18,4694,2564,0,0,0,0,356,2194,0
128,67,158,301,18,4742,2888,0,0,0,0,348.3,2518,0
129,57,97,195,18,4352,2465,0,1,1,0,0,2095,1
130,66,94,185,18,4409,2786,0,1,1,0,0,2416,1
131,51,92,120,22,3272,3323,0,1,0,1,-568.8,2953,1
132,59,98,154,22,3680,3866,0,1,1,0,0,3496,1
133,60,130,210,22,3560,4121,0,1,1,0,0,3751,1
134,41,155,239,22,3629,4424,1,1,0,0,310.8,4054,3
135,48,105,204,22,3284,4316,1,1,1,0,0,3946,3
136,44,90,120,22,2678,4505,0,1,0,1,-550.8,4135,1
137,56,172,193,23,3839,3278,0,1,1,0,0,2908,1
138,44,141,223,23,3800,3584,0,1,1,0,0,3214,1
139,49,159,277,23,4019,3974,0,0,0,0,355.8,3604,0
140,41,90,185,23,3866,4247,1,1,0,0,330.9,3877,3
141,48,186,305,23,4124,4343,0,0,0,0,606.1,3973,0
142,44,165,280,23,4418,4214,0,0,0,0,815.9,3844,0
143,57,196,318,23,4382,3776,0,0,0,0,582.5,3406,0
144,,114,206,23,4097,3725,1,0,0,0,328.8,3355,2
145,51,125,221,23,4028,3461,0,0,0,0,259.1,3091,0
146,43,115,206,23,4205,3221,0,0,1,0,0,2851,0
147,56,161,295,23,4475,3119,0,0,0,0,288.6,2749,0
148,35,90,153,23,4631,3404,0,1,0,0,463.6,3034,1
149,47,155,292,23,4484,3527,1,0,0,0,414.1,3157,2
150,29,81,173,23,4616,4028,1,1,0,0,905.6,3658,3
151,,103,231,23,4562,4508,1,0,0,0,1074.1,4138,2
152,62,211,324,23,4922,4322,1,0,0,0,1313.9,3952,2
153,36,148,245,23,4796,3968,1,0,0,0,952.5,3598,2
154,56,191,330,23,4880,3707,0,0,0,0,831.8,3337,0
155,38,121,231,23,4928,3314,1,0,0,0,729,2944,2
156,63,212,353,23,5249,3395,1,1,0,0,1037.5,3025,3
157,34,145,256,23,5240,3722,1,0,0,0,1149.9,3352,2
158,55,192,351,23,5180,4055,0,0,0,0,1283,3685,0
159,32,84,136,23,5138,4343,1,0,0,0,1459.2,3973,2
160,51,187,306,24,5354,4484,1,0,0,0,1707.4,4114,2
161,38,128,234,24,5540,4301,1,0,0,0,1717.2,3931,2
162,64,185,327,24,5603,3845,1,0,0,0,1530.9,3475,2
163,41,181,318,24,5594,3437,1,0,0,0,1281.7,3067,2
164,30,78,143,24,5798,3338,1,1,0,0,1272.8,2968,3
165,56,207,352,24,6080,3329,1,0,0,0,1422.9,2959,2
166,47,158,242,24,5936,3653,1,0,0,0,1615.6,3283,2
167,32,157,271,24,5924,4061,1,0,0,0,1913.3,3691,2
168,46,198,324,24,5882,4340,1,0,0,0,2016.1,3970,2
169,36,115,228,24,6191,4265,1,0,0,0,2085.1,3895,2
170,53,200,334,24,6317,3536,1,0,0,0,1683.5,3166,2
171,34,134,252,24,6542,3755,1,0,0,0,1698.4,3385,2
172,33,181,269,24,6377,3197,1,0,0,0,1347.9,2827,2
173,53,212,321,24,6752,3464,1,0,0,0,1537.7,3094,2
174,35,134,274,24,6371,3536,1,0,0,0,1685.7,3166,2
175,37,164,279,24,6785,4037,1,0,0,0,1462.4,3667,2
176,41,204,297,24,6491,4352,1,0,0,0,1813.2,3982,2
177,37,169,308,24,6947,4487,0,0,0,0,1433,4117,0
178,46,170,290,24,7016,3731,1,0,0,0,1228.1,3361,2
179,32,109,208,25,7385,3245,1,0,0,0,1052.5,2875,2
180,41,178,300,25,7196,3407,1,0,0,0,1136.5,3037,2
181,35,164,281,25,7346,3689,1,0,0,0,907.8,3319,2
182,47,202,310,25,7280,4046,1,0,0,0,974.3,3676,2
183,28,81,143,25,7088,4175,1,1,0,0,1190.6,3805,3
184,35,166,302,25,7319,4463,1,0,0,0,1096.7,4093,2
185,48,195,336,25,7673,4391,1,1,0,0,772.6,4021,3
186,32,110,205,25,7793,4118,1,1,0,0,512,3748,3
187,47,193,288,25,7694,3875,1,0,0,0,543.1,3505,2
188,56,180,332,25,7586,3482,0,0,0,0,754.3,3112,0
189,42,165,317,25,7703,3212,1,0,0,0,842,2842,2
190,33,123,263,25,7964,3245,1,0,0,0,675.6,2875,2
191,63,190,305,25,8003,3617,1,0,0,0,339.5,3247,2
192,28,161,324,25,8063,4211,0,0,0,0,389.1,3841,0
193,37,151,280,25,7934,4532,1,0,0,0,734.4,4162,2
194,43,180,312,25,8327,4595,1,0,0,0,737.5,4225,2
195,58,204,321,25,8453,4259,1,0,0,0,451.1,3889,2
196,35,155,279,25,8237,3863,1,0,1,0,0,3493,2
197,58,227,354,25,8390,3506,1,0,0,0,388.4,3136,2
198,37,149,255,25,8705,3377,1,0,0,0,674.7,3007,2
199,45,185,306,25,8600,3944,1,0,0,0,371.9,3574,2
200,72,212,334,26,8823,3731,1,1,0,0,600.7,3361,3
201,42,99,188,26,8967,3967,1,0,0,0,737.4,3597,2
202,53,189,302,26,8947,4263,1,0,0,0,814.9,3893,2
203,38,152,301,26,9335,3284,1,0,0,0,1241.3,2914,2
204,53,192,350,26,9131,3563,1,0,0,0,943,3193,2
205,42,163,323,26,9266,3998,1,0,0,0,1037.8,3628,2
206,56,205,348,26,9371,4322,1,0,0,0,1223.4,3952,2
207,40,154,284,26,9146,4574,1,0,0,0,1154,4204,2
208,38,147,283,26,9692,4364,1,0,0,0,1538.8,3994,2
209,61,201,314,26,9623,3941,1,1,0,0,1388.2,3571,3
210,33,120,221,26,9497,3662,1,0,0,0,1275.9,3292,2
211,74,205,336,26,9692,3392,1,1,0,0,1275.8,3022,3
212,65,206,354,26,10106,3365,1,0,0,0,963.5,2995,2
213,47,184,338,26,9938,3665,0,0,0,0,1304.7,3295,0
214,58,187,324,26,9944,4184,1,0,0,0,1736.9,3814,2
215,33,108,194,26,10388,4628,1,1,0,0,2049.8,4258,3
216,47,191,353,26,10286,4379,1,1,0,0,1824,4009,3
217,41,132,283,26,10265,4037,0,0,0,0,1498.4,3667,0
218,62,187,324,26,10268,3749,1,0,0,0,1224.1,3379,2
219,51,186,313,27,10517,3404,1,0,0,0,822.1,3034,2
220,69,223,329,27,10649,3815,1,0,0,0,1214.8,3445,2
221,49,163,286,27,10628,4154,1,0,0,0,1554.4,3784,2
222,62,182,345,27,10724,4523,1,0,0,0,1922.2,4153,2
223,41,158,299,27,10937,4271,1,0,0,0,1687.7,3901,2
224,48,192,308,27,10985,3965,0,1,0,0,1394.9,3595,1
225,64,196,313,27,11036,3638,1,1,0,0,1092.3,3268,3
226,46,174,294,27,10841,3317,1,0,0,0,731.1,2947,2
227,36,137,280,27,11246,3323,0,0,0,0,909.4,2953,0
228,68,206,284,27,11471,3860,1,0,0,0,1480,3490,2
229,49,222,332,27,11264,4298,1,0,0,0,1790.5,3928,2
230,44,199,292,27,11642,4352,1,0,0,0,1991.6,3982,2
231,41,120,245,27,11600,4109,1,0,0,0,1759.7,3739,2
232,49,175,285,27,11564,3422,1,0,0,0,1189.5,3052,2
233,57,181,286,27,12083,3308,1,0,0,0,1121.6,2938,2
234,47,174,326,27,11816,3623,1,0,0,0,1407.1,3253,2
235,64,198,318,27,12113,3779,1,0,0,0,1566.2,3409,2
236,52,179,349,27,11873,4040,1,0,0,0,1828,3670,2
237,44,172,307,27,12035,4472,1,0,0,0,2260.5,4102,2
238,31,94,138,27,11825,3277,1,1,0,0,1068.6,2907,3
239,60,200,375,28,12409,4509,1,1,0,0,2257.6,4139,3
240,56,190,369,28,12229,4167,1,0,0,0,1929,3797,2
241,54,180,326,28,12415,3527,1,0,0,0,1275.8,3157,2
242,41,128,276,28,12585,3273,1,0,0,0,1028.5,2903,2
243,51,176,311,28,12863,3377,1,0,0,0,1124.3,3007,2
244,48,178,308,28,12643,3713,1,0,0,0,1472.3,3343,2
245,48,186,326,28,12657,4085,1,0,0,0,1843.4,3715,2
246,46,154,302,28,12777,4329,1,0,0,0,2042.9,3959,2
247,44,192,325,28,13049,4203,1,0,0,0,1856.5,3833,2
248,49,204,340,28,12997,3731,1,0,0,0,1407.2,3361,2
249,45,90,181,28,13141,3355,1,1,0,0,1007.1,2985,3
250,56,184,298,28,13467,3201,1,0,0,0,831.3,2831,2
251,55,194,349,28,13401,3607,1,0,0,0,1232.3,3237,2
252,49,183,344,28,13425,3925,1,0,0,0,1550.9,3555,2
253,44,174,327,28,13425,4273,1,0,0,0,1898.7,3903,2
254,38,158,272,28,13231,4553,1,0,0,0,2182.6,4183,2
255,44,152,310,28,13775,3945,1,1,0,0,1509.3,3575,3
256,50,187,304,28,13791,3629,1,0,0,0,1197.2,3259,2
257,47,180,314,29,13969,3267,1,0,0,0,808.5,2897,2
258,48,197,340,29,14129,3693,1,0,0,0,1229.4,3323,2
259,57,226,377,29,13933,4165,1,0,0,0,1705.6,3795,2
260,48,180,346,29,14061,4461,1,0,0,0,1996,4091,2
261,53,180,365,29,14695,4585,0,1,0,0,1586,4215,1
262,49,188,349,29,14573,4271,0,1,0,0,1722,3901,1
263,53,203,357,29,14369,4045,1,0,0,0,1607.9,3675,2
264,48,192,344,29,14539,3625,1,0,0,0,1250.8,3255,2
265,57,203,359,29,14415,3291,0,0,0,0,894.8,2921,0
266,45,174,325,29,14947,3395,1,0,0,0,1277.6,3025,2
267,30,127,356,29,14889,3679,1,1,0,0,1463.9,3309,3
268,48,196,302,29,14899,3933,1,0,0,0,1493.8,3563,2
269,44,198,329,29,15013,4217,1,0,0,0,1298.3,3847,2
270,49,175,348,29,15211,4493,1,0,0,0,1068.1,4123,2
271,36,175,307,29,15257,3871,1,0,0,0,1202.7,3501,2
272,33,141,320,29,15315,3367,0,0,0,0,1155.5,2997,0
273,45,156,338,30,15539,3541,0,0,0,0,922.4,3171,0
274,45,176,321,30,15643,3843,1,0,0,0,881.3,3473,2
275,43,193,300,30,15555,4189,1,0,0,0,790,3819,2
276,54,181,334,30,15935,4315,1,1,0,0,393,3945,3
277,68,174,340,30,16279,4505,0,1,1,0,0,4135,1
278,40,91,136,30,16515,4075,0,0,1,0,0,3705,0
279,47,146,278,30,16243,3941,0,0,0,0,303.2,3571,0
280,48,147,246,30,15993,3843,1,1,0,0,571.2,3473,3
281,43,104,213,30,16149,3635,0,0,0,0,334.3,3265,0
282,41,90,134,30,15979,3379,0,0,0,0,500.8,3009,0
283,57,129,249,30,16217,3233,0,1,0,0,372.9,2863,1
284,,106,241,30,16461,3515,0,0,1,0,0,3145,0
285,56,112,192,30,16613,3749,0,0,1,0,0,3379,0
286,45,121,188,30,16493,4641,0,0,1,0,0,4271,0
287,15,71,174,33,18221,4573,0,1,0,1,-1499,4203,1
288,57,104,215,34,17055,6003,0,0,1,0,0,5633,0
289,51,100,173,35,16743,4823,0,0,1,0,0,4453,0
290,44,140,220,35,16763,5295,0,0,1,0,0,4925,0
291,45,104,192,35,16875,5502,0,0,1,0,0,5132,0
292,36,79,197,35,16831,5666,0,0,1,0,0,5296,0
293,45,125,223,35,16687,5918,0,0,0,0,290.2,5548,0
294,43,150,322,35,16267,5738,1,0,0,0,568.6,5368,2
295,50,158,256,35,16423,5474,0,1,0,0,384.2,5104,1
296,52,123,342,35,16439,5227,0,1,0,0,331.1,4857,1
297,30,79,115,35,16275,4863,0,1,0,0,311.1,4493,1
298,41,178,302,35,15963,4699,1,0,0,0,370.8,4329,2
299,34,187,350,35,15919,5139,1,0,0,0,729.1,4769,2
300,30,180,331,35,15935,5602,1,0,0,0,883.1,5232,2
301,39,187,353,35,15867,5958,1,0,0,0,1007.3,5588,2
302,40,201,330,35,15523,5834,1,0,0,0,1318.7,5464,2
303,55,210,363,35,15543,5462,1,0,0,0,1207.3,5092,2
304,37,164,291,35,15659,4955,1,0,0,0,766.1,4585,2
305,33,193,365,35,15519,4671,1,1,0,0,777.9,4301,3
306,40,105,149,35,16545,4841,0,1,0,0,198.8,4471,1
307,46,202,349,36,15251,5084,1,0,0,0,1179.8,4714,2
308,45,192,344,36,15110,5507,1,0,0,0,1539.7,5137,2
309,44,187,359,36,15074,5906,1,0,0,0,1773.3,5536,2
310,41,205,351,36,14546,6077,1,0,0,0,2321.7,5707,2
311,46,152,309,36,14708,5729,1,0,0,0,1991.5,5359,2
312,52,198,362,36,14792,5342,1,0,0,0,1706.4,4972,2
313,52,185,351,36,14948,4901,1,0,0,0,1388.7,4531,2
314,47,191,353,36,14273,4739,1,0,0,0,2019.6,4369,2
315,52,185,355,36,14435,5093,1,0,0,0,1935.5,4723,2
316,51,180,334,36,14408,5540,1,0,0,0,2138.2,5170,2
317,46,182,330,36,14252,5912,1,0,0,0,2467.5,5542,2
318,46,175,319,36,14075,5513,1,0,0,0,2423.6,5143,2
319,47,176,323,36,14030,5138,1,0,0,0,2336.4,4768,2
320,56,205,344,36,13865,4886,1,0,0,0,2429.7,4516,2
321,54,198,342,36,13709,5408,1,0,0,0,2724,5038,2
322,38,120,278,36,13790,5702,1,0,0,0,2761.9,5332,2
323,46,191,342,36,13832,6026,1,0,0,0,2881.2,5656,2
324,54,203,373,37,13569,4637,1,1,0,0,2229.3,4267,3
325,54,181,316,37,13439,5049,1,0,0,0,2660.2,4679,2
326,56,188,358,37,13273,5471,1,1,0,0,3097.6,5101,3
327,47,183,322,37,13415,5825,1,0,0,0,3153.6,5455,2
328,34,140,259,37,13057,5825,1,0,0,0,3464.4,5455,2
329,46,196,312,37,12857,5555,1,0,0,0,3221.6,5185,2
330,48,162,329,37,12995,5199,1,0,0,0,2849.2,4829,2
331,42,178,301,37,13087,4869,1,0,0,0,2510.3,4499,2
332,58,204,358,37,12787,4721,1,0,0,0,2418.1,4351,2
333,50,197,319,37,12391,4915,1,0,0,0,2663.9,4545,2
334,59,203,352,37,12619,5185,1,0,0,0,2909.4,4815,2
335,41,148,287,37,12563,5555,1,0,0,0,3281.5,5185,2
336,,188,317,37,12717,6029,1,0,0,0,3712.4,5659,2
337,,207,337,37,12417,5877,1,0,0,0,3625.3,5507,2
338,43,163,336,37,12289,5567,1,1,0,0,3319.5,5197,3
339,35,201,349,37,12097,5345,1,0,0,0,3082.3,4975,2
340,32,87,196,37,11913,5223,1,0,0,0,2891.9,4853,2
341,62,193,342,37,11997,4929,1,0,0,0,2668.3,4559,2
342,44,156,293,38,11723,4681,1,0,0,0,2321.1,4311,2
343,54,169,319,38,11657,5145,1,0,0,0,2720.5,4775,2
344,46,169,333,38,11615,5537,1,0,0,0,3077.4,5167,2
345,,197,320,38,11891,5787,1,0,0,0,3403.8,5417,2
346,,128,262,38,11673,6029,1,0,0,0,3565.3,5659,2
347,59,186,325,38,11329,5893,1,1,0,0,3352.9,5523,3
348,,148,361,38,11299,5403,1,0,0,0,2866.8,5033,2
349,49,197,310,38,11133,5123,1,0,0,0,2560.1,4753,2
350,57,180,347,38,11399,4831,1,0,0,0,2339.1,4461,2
351,49,195,329,38,11065,4633,1,0,0,0,2065.8,4263,2
352,43,126,236,38,10885,4901,1,0,0,0,2308,4531,2
353,49,162,340,38,10697,5193,1,0,0,0,2592,4823,2
354,36,140,268,38,10917,5463,1,0,0,0,2870.8,5093,2
355,,156,283,38,10871,5815,1,0,0,0,3218.9,5445,2
356,30,95,161,38,10723,6081,1,1,0,0,3331.6,5711,3
357,,178,299,38,10473,5981,1,0,0,0,3079.9,5611,2
358,44,157,308,38,10551,5543,1,0,0,0,2859.5,5173,2
359,47,177,286,38,10555,4909,1,0,0,0,2312.1,4539,2
360,37,142,260,38,10239,5357,1,1,0,0,2498,4987,3
361,,169,270,38,10249,5609,1,0,0,0,2664,5239,2
362,40,163,315,39,10157,4898,1,0,0,0,2181.2,4528,2
363,46,199,299,39,9680,4655,1,0,0,0,1646.1,4285,2
364,46,196,332,39,9803,4967,1,0,0,0,1916,4597,2
365,,171,334,39,9869,5699,1,0,0,0,2456.5,5329,2
366,25,119,265,39,9428,5933,1,0,0,0,2388.2,5563,2
367,43,183,318,39,9548,5630,1,0,0,0,2200.2,5260,2
368,43,178,287,39,9506,5276,1,0,0,0,1899.2,4906,2
369,49,171,324,39,9383,4922,1,0,0,0,1560.4,4552,2
370,28,97,243,39,9029,4850,1,0,0,0,1265.5,4480,2
371,41,157,322,39,9029,4850,1,0,0,0,1265.5,4480,2
372,30,82,187,39,9158,5558,1,1,0,0,1929.1,5188,3
373,14,104,182,39,9119,5885,1,0,0,0,2206,5515,2
374,24,74,181,39,8903,5975,1,1,0,0,2214.5,5605,3
375,20,143,275,39,8627,5831,1,0,0,0,2006.3,5461,2
376,,192,291,39,8822,5525,1,0,0,0,1762,5155,2
377,47,182,302,39,8789,5084,1,0,0,0,1340,4714,2
378,48,181,315,39,8747,4634,1,1,0,0,924.4,4264,3
379,38,146,244,40,8456,4832,1,0,0,0,993.4,4462,2
380,45,183,314,40,8489,5291,1,0,0,0,1450.1,4921,2
381,,157,303,40,8345,6017,1,0,0,0,2156.7,5647,2
382,,176,277,40,8204,5687,1,0,0,0,1824.3,5317,2
383,31,77,166,40,8189,5426,1,1,0,0,1563.7,5056,3
384,40,168,280,40,8168,5015,1,0,0,0,1154.1,4645,2
385,38,173,295,40,7856,4898,1,0,0,0,1102.9,4528,2
386,38,137,279,40,7949,5375,1,0,0,0,1539.2,5005,2
387,28,182,323,40,7955,5957,1,0,0,0,2112.9,5587,2
388,,130,230,40,7748,5555,1,0,0,0,1761.2,5185,2
389,39,151,289,40,7652,5120,1,0,0,0,1386.5,4750,2
390,36,102,211,40,7529,4652,1,0,0,0,1060.1,4282,2
391,42,171,297,40,7367,4901,1,0,0,0,1354.4,4531,2
392,,173,274,40,7433,5345,1,0,0,0,1686,4975,2
393,27,101,177,40,7397,5756,1,1,0,0,2071,5386,3
394,,178,272,40,7388,6047,1,0,0,0,2343.2,5677,2
395,40,189,292,40,6881,5897,1,0,0,0,2444.6,5527,2
396,29,192,327,40,7136,5657,1,0,0,0,2104.9,5287,2
397,31,131,263,40,6854,5477,1,0,0,0,2125.5,5107,2
398,55,179,302,40,7121,5297,1,0,0,0,1817.1,4927,2
399,40,149,307,40,6989,4838,1,0,0,0,1583.7,4468,2
400,24,125,222,41,6668,4667,1,0,0,0,1763,4297,2
401,37,176,311,41,6719,5141,1,1,0,0,1984.3,4771,3
402,38,166,268,41,6536,5672,1,0,0,0,2483.1,5302,2
403,39,188,316,41,6386,5288,1,0,0,0,2336,4918,2
404,44,150,280,41,6470,4907,1,0,0,0,2052.4,4537,2
405,59,215,347,41,6170,4661,1,0,0,0,2215.7,4291,2
406,28,68,168,41,6212,4973,1,1,0,0,2309.3,4603,3
407,26,113,210,41,6050,5429,1,0,0,0,2689.9,5059,2
408,44,173,279,41,6155,5750,1,0,0,0,2809.9,5380,2
409,39,165,296,41,5795,5711,1,0,0,0,2742.9,5341,2
410,41,172,307,41,5699,5375,1,1,0,0,2479.5,5005,3
411,38,190,343,41,5978,5051,1,0,0,0,2548,4681,2
412,35,148,320,41,5717,4679,1,0,0,0,2100.5,4309,2
413,52,207,333,41,5489,4997,1,0,0,0,2118.6,4627,2
414,33,148,229,41,5441,5261,1,0,0,0,2199.5,4891,2
415,37,116,237,41,5426,5564,1,0,0,0,2358.9,5194,2
416,40,178,324,41,5480,5948,1,1,0,0,2618.1,5578,3
417,,,295,41,5150,4697,1,0,0,0,1688.6,4327,2
418,47,177,302,42,5123,5198,1,0,0,0,1898.1,4828,2
419,46,193,322,42,5075,5603,1,0,0,0,2097.2,5233,2
420,44,190,314,42,4787,5864,1,0,0,0,1994.7,5494,2
421,,150,323,42,4664,5471,1,0,0,0,1673,5101,2
422,27,90,222,42,4775,5216,1,0,0,0,1635.6,4846,2
423,50,181,331,42,4829,4772,1,0,0,0,1426.2,4402,2
424,41,170,330,42,4379,4709,1,1,0,0,1008.2,4339,3
425,47,206,342,42,4403,5204,1,0,0,0,1317.8,4834,2
426,33,127,213,42,4277,5474,1,0,0,0,1352.7,5104,2
427,54,207,346,42,4451,5822,1,0,0,0,1707.2,5452,2
428,40,184,332,42,3851,5837,1,0,0,0,1114.7,5467,2
429,43,198,326,42,3962,5462,1,0,0,0,1112.7,5092,2
430,29,75,204,42,3944,5204,1,1,0,0,924.1,4834,3
431,43,178,312,42,4103,4973,1,0,0,0,951.2,4603,2
432,30,77,141,42,4148,4679,1,1,0,0,810.6,4309,3
433,31,107,222,42,3887,4706,1,0,0,0,670.2,4336,2
434,57,186,328,42,3716,4949,0,0,0,0,591.2,4579,0
435,35,138,282,42,3656,5258,1,0,0,0,761,4888,2
436,,190,332,42,3593,5549,1,0,0,0,845.5,5179,2
437,49,101,213,42,3530,4652,0,0,0,0,318.2,4282,0
438,55,123,193,43,3212,4640,1,1,1,0,0,4270,3
439,47,116,218,43,2927,4745,1,1,0,0,303.7,4375,3
440,51,151,258,43,3215,4940,1,1,0,0,300,4570,3
441,29,80,143,43,3380,5102,1,1,0,0,491.6,4732,3
442,55,153,281,43,3131,5306,0,1,0,0,461.3,4936,1
443,42,99,178,43,2945,5186,0,1,0,0,261.1,4816,1
444,41,114,187,43,2684,5192,0,0,1,0,0,4822,0
445,,129,266,43,3197,5570,1,0,0,0,450.3,5200,2
446,47,199,363,43,3389,5774,1,0,0,0,649,5404,2
447,39,84,199,43,2987,5816,1,1,0,0,289.8,5446,3
448,60,100,164,43,2753,5645,0,1,1,0,0,5275,1
449,38,148,257,43,2756,6011,1,0,0,0,366,5641,2
450,44,110,186,44,649,4773,0,1,0,1,-2077.7,4403,1
451,42,91,136,45,1171,7297,0,1,1,0,0,6927,1
452,63,115,162,46,2329,6039,0,1,1,0,0,5669,1
453,69,120,163,46,2249,6557,0,1,1,0,0,6187,1
454,50,99,182,46,2305,6845,0,1,1,0,0,6475,1
455,58,118,190,46,2081,7085,0,1,1,0,0,6715,1
456,,114,181,46,2257,7299,1,0,0,0,277.1,6929,2
457,45,149,303,46,2681,7391,1,1,0,0,662.9,7021,3
458,39,146,276,46,2559,7045,0,0,0,0,323.3,6675,0
459,38,177,310,46,2615,6675,0,0,0,0,353.6,6305,0
460,40,121,236,46,2629,6401,0,0,0,0,410.8,6031,0
461,24,89,170,46,2851,6297,1,1,0,0,582.3,5927,3
462,34,151,298,46,2955,6549,1,0,0,0,706,6179,2
463,28,94,190,46,2779,6909,1,1,0,0,478.3,6539,3
464,,187,322,46,3023,7073,1,0,0,0,753.3,6703,2
465,,79,128,46,2909,7309,0,1,0,0,761.7,6939,1
466,,200,360,46,3119,7429,1,0,0,0,1001.8,7059,2
467,27,124,227,46,3337,7285,1,0,0,0,1121.9,6915,2
468,23,82,197,46,3399,7035,1,0,0,0,1110.4,6665,2
469,37,151,305,46,3125,6775,1,0,0,0,823,6405,2
470,45,211,330,46,3347,6465,1,0,0,0,1012.5,6095,2
471,38,95,175,46,3099,6129,1,1,0,0,595,5759,3
472,41,167,303,46,3355,6089,1,0,0,0,748,5719,2
473,43,206,341,46,3603,6825,1,0,0,0,1298.2,6455,2
474,37,168,292,46,3661,7181,1,0,0,0,1397,6811,2
475,,166,251,47,3993,7315,1,0,0,0,1752.2,6945,2
476,26,80,195,47,3887,7053,1,1,0,0,1595.6,6683,3
477,,189,317,47,3765,6533,1,0,0,0,1346.4,6163,2
478,42,184,341,47,3685,6265,1,0,0,0,1119.4,5895,2
479,30,109,188,47,3847,6121,0,0,0,0,1193.1,5751,0
480,34,136,261,47,4199,6321,1,0,0,0,1596.2,5951,2
481,,108,200,47,4109,6593,1,0,0,0,1654.5,6223,2
482,,182,312,47,4117,6895,1,0,0,0,1812.7,6525,2
483,,209,319,47,4347,7243,1,0,0,0,2080.4,6873,2
484,34,176,301,47,4871,7145,1,0,0,0,2583.5,6775,2
485,41,117,212,47,4671,6767,1,0,0,0,2222.1,6397,2
486,36,171,289,47,4459,6635,1,0,0,0,1972.4,6265,2
487,47,207,337,47,4557,6261,1,0,0,0,1906.3,5891,2
488,30,94,178,47,4811,6135,1,1,0,0,2115.5,5765,3
489,41,191,313,47,4899,6395,1,0,0,0,2273.3,6025,2
490,,96,221,47,5045,6679,1,0,0,0,2514.4,6309,2
491,,164,295,47,4933,6995,1,0,0,0,2564.2,6625,2
492,,167,273,47,4793,7307,1,0,0,0,2530.5,6937,2
493,47,197,308,47,5189,7333,1,0,0,0,2925,6963,2
494,,157,272,47,5301,6975,1,0,0,0,2874.2,6605,2
495,35,183,282,47,5351,6602,1,0,0,0,2768.7,6232,2
496,35,126,242,47,5135,6122,1,0,0,0,2427.8,5752,2
497,34,159,300,48,5522,6299,1,0,0,0,2844,5929,2
498,37,157,307,48,5702,6656,1,1,0,0,3117.5,6286,3
499,22,107,165,48,5600,6863,1,0,0,0,3096.6,6493,2
500,33,188,277,48,5615,7151,1,0,0,0,3234.1,6781,2
501,25,104,206,48,5483,7379,1,0,0,0,3222.6,7009,2
502,34,157,266,48,6008,7205,1,0,0,0,3609.5,6835,2
503,17,150,257,48,6026,6854,1,0,0,0,3489.2,6484,2
504,33,95,185,48,5921,6419,1,1,0,0,3240.9,6049,3
505,40,190,288,48,5828,6113,1,0,0,0,3002.2,5743,2
506,35,164,296,48,6209,6218,1,0,0,0,3107.9,5848,2
507,38,148,331,48,6233,6536,1,0,0,0,3340.8,6166,2
508,40,167,329,48,6380,6806,1,0,0,0,3479.9,6436,2
509,29,122,266,48,6503,7085,1,0,0,0,3659,6715,2
510,34,183,305,48,6626,7334,1,0,0,0,3826.6,6964,2
511,22,93,165,48,6839,7211,1,1,0,0,3628.2,6841,3
512,33,182,306,48,6779,6800,1,0,0,0,3279,6430,2
513,33,109,215,48,6902,6521,1,0,0,0,2974.4,6151,2
514,,189,332,48,6632,6299,1,0,0,0,2917.2,5929,2
515,31,140,253,48,6482,5987,1,0,0,0,2755.2,5617,2
516,37,133,277,49,7019,6173,1,0,0,0,2611.4,5803,2
517,,164,287,49,7175,6449,1,0,0,0,2795.6,6079,2
518,43,139,283,49,7268,6782,1,0,0,0,3075.6,6412,2
519,40,178,319,49,7127,7073,1,0,0,0,3396.5,6703,2
520,38,183,284,49,7238,7451,1,0,0,0,3724.5,7081,2
521,,147,304,49,7700,7307,1,0,0,0,3485.6,6937,2
522,19,89,188,49,7469,7172,1,0,0,0,3397,6802,2
523,32,173,295,49,7631,6884,1,0,0,0,3081.2,6514,2
524,,166,284,49,7508,6491,1,0,0,0,2727.2,6121,2
525,,155,267,49,7733,6254,1,0,0,0,2443.5,5884,2
526,,115,228,49,7892,6611,1,0,0,0,2769.6,6241,2
527,34,140,278,49,7985,6932,1,0,0,0,3079.3,6562,2
528,,159,311,49,8249,7154,1,0,0,0,3291,6784,2
529,31,157,299,49,8291,6782,1,0,0,0,2919.5,6412,2
530,27,165,296,49,8099,6383,1,0,0,0,2523.8,6013,2
531,30,137,258,49,8504,6434,1,0,0,0,2584.8,6064,2
532,,89,204,49,8555,6914,1,0,0,0,3067.5,6544,2
533,,125,255,50,8699,7388,1,0,0,0,3555.1,7018,2
534,,191,325,50,8753,7073,1,0,0,0,3251.2,6703,2
535,24,159,277,50,8771,6674,1,0,0,0,2861.3,6304,2
536,,183,281,50,8753,6200,1,0,0,0,2393.3,5830,2
537,37,190,318,50,9170,6209,1,0,0,0,2524.7,5839,2
538,,161,302,50,9176,6536,1,0,0,0,2833.1,6166,2
539,,175,312,50,9164,6860,1,0,0,0,3137.1,6490,2
540,,186,297,50,9083,7283,1,0,0,0,3523.1,6913,2
541,,96,185,50,9329,7490,1,0,0,0,3787.8,7120,2
542,,165,280,50,9449,7112,1,0,0,0,3467.7,6742,2
543,21,107,220,50,9476,6758,1,0,0,0,3149,6388,2
544,,168,291,50,9536,6425,1,0,0,0,2872.5,6055,2
545,34,133,226,50,9815,6104,1,0,0,0,2740.8,5734,2
546,,88,165,50,9953,6494,1,0,0,0,3141.1,6124,2
547,21,182,335,50,9797,6737,1,0,0,0,3270.1,6367,2
548,10,92,181,50,9719,6947,1,1,0,0,3421.6,6577,3
549,,158,283,50,9671,7283,1,0,0,0,3708.5,6913,2
550,,135,227,50,9965,7154,1,0,0,0,3717.1,6784,2
551,28,167,360,50,10400,7442,1,0,0,0,4181.8,7072,2
552,,174,324,50,10340,7049,1,0,0,0,3817.5,6679,2
553,30,188,294,50,10250,6743,1,0,0,0,3513.8,6373,2
554,23,110,235,50,10367,6422,1,0,0,0,3329.5,6052,2
555,,181,323,50,10139,6095,1,0,0,0,2932.5,5725,2
556,32,185,326,51,10652,6638,1,0,0,0,3678.7,6268,2
557,,176,293,51,10655,7169,1,0,0,0,4095.9,6799,2
558,,185,313,51,10919,7496,1,0,0,0,4515.7,7126,2
559,,129,259,51,10967,7181,1,0,0,0,4296.7,6811,2
560,,182,335,51,10961,6887,1,0,0,0,4070,6517,2
561,20,168,318,51,11102,6578,1,0,0,0,3947.1,6208,2
562,,161,306,51,10952,6212,1,0,0,0,3590.1,5842,2
563,35,139,269,51,11246,6182,1,0,0,0,3623.4,5812,2
564,,184,310,51,11546,6317,1,0,0,0,3812.6,5947,2
565,,185,350,51,11765,6569,1,0,0,0,4110.3,6199,2
566,,173,310,51,11612,6920,1,0,0,0,4415.7,6550,2
567,,177,323,51,11267,7097,1,0,0,0,4431.7,6727,2
568,,180,348,51,11540,7337,1,0,0,0,4793.6,6967,2
569,,185,287,51,11933,7187,1,0,0,0,4750.7,6817,2
570,,113,186,51,11975,6947,1,1,0,0,4531.1,6577,3
571,41,151,296,51,12092,6593,1,0,0,0,4230,6223,2
572,,184,336,51,12029,6140,1,0,0,0,3782.8,5770,2
573,,166,350,52,12368,6302,1,0,0,0,4051.1,5932,2
574,25,168,302,52,12392,6728,1,0,0,0,4462.2,6358,2
575,,146,242,52,12356,7067,1,0,0,0,4685.5,6697,2
576,,195,359,52,12305,7403,1,0,0,0,4847.9,7033,2
577,,174,348,52,12779,7109,1,0,0,0,4301.3,6739,2
578,36,154,291,52,12743,6764,1,0,0,0,4196,6394,2
579,24,195,343,52,12911,6389,1,0,0,0,3859.1,6019,2
580,41,132,269,52,13175,6182,1,1,0,0,3528.1,5812,3
581,59,191,338,52,13346,6410,1,0,0,0,3497.4,6040,2
582,,171,340,52,13133,6746,1,0,0,0,3852.5,6376,2
583,47,153,325,52,13355,7001,1,0,0,0,3723.5,6631,2
584,,194,349,52,13148,7298,1,0,0,0,4028.4,6928,2
585,44,178,319,52,13538,7268,1,0,0,0,3662,6898,2
586,47,201,360,52,13679,6746,1,0,0,0,3331.9,6376,2
587,40,129,288,52,13757,6362,1,0,0,0,3131.9,5992,2
588,48,185,335,53,14123,6332,1,0,0,0,2788.7,5962,2
589,50,201,342,53,14072,6767,1,0,0,0,2970.6,6397,2
590,,139,271,53,13850,7127,1,0,0,0,3319.8,6757,2
591,43,176,357,53,14138,7157,1,0,0,0,3078.2,6787,2
592,48,181,340,53,14486,7313,1,0,0,0,2805.4,6943,2
593,56,193,350,53,14480,6830,1,0,0,0,2623.4,6460,2
594,46,196,319,53,14561,6416,1,0,0,0,2390.7,6046,2
595,49,213,345,53,14993,6272,1,0,0,0,1935.3,5902,2
596,47,143,304,53,14849,6584,1,0,0,0,2184.3,6214,2
597,46,203,371,53,14939,6908,1,0,0,0,2263.2,6538,2
598,43,126,292,53,14933,7244,1,1,0,0,2364.1,6874,3
599,36,195,361,53,15116,7493,1,0,0,0,2172.4,7123,2
600,41,197,345,53,15305,7109,1,0,0,0,2012.3,6739,2
601,47,199,376,53,15296,6527,1,0,0,0,1760,6157,2
602,42,193,334,54,15527,6230,1,0,0,0,1420.7,5860,2
603,44,195,379,54,15584,6758,1,0,0,0,1653.4,6388,2
604,45,206,365,54,15602,7364,1,0,0,0,1688.2,6994,2
605,45,210,379,54,16061,7349,1,0,0,0,1231.2,6979,2
606,39,166,321,54,15800,7025,1,0,0,0,1512.2,6655,2
607,45,195,322,54,15833,6458,1,0,0,0,1274.1,6088,2
608,38,206,374,54,16163,6152,1,0,0,0,826.1,5782,2
609,29,163,351,54,16208,6542,1,0,0,0,1004,6172,2
610,36,192,354,54,16151,7031,1,0,0,0,1165.9,6661,2
611,22,175,332,54,16523,7268,1,0,0,0,786.6,6898,2
612,40,181,367,54,16658,6914,1,0,0,0,647.1,6544,2
613,46,111,191,54,16358,6836,1,0,0,0,942,6466,2
614,35,189,308,54,16610,6653,1,0,0,0,690.2,6283,2
615,60,161,289,54,16697,6173,0,1,0,0,396.3,5803,1
616,59,143,307,54,16943,6446,0,1,0,0,405.4,6076,1
617,58,149,286,54,16958,7097,1,1,0,0,432,6727,3
618,59,173,319,54,16856,7364,0,1,0,0,440.7,6994,1
619,37,109,191,55,17288,7451,0,0,1,0,0,7081,0
620,47,107,238,55,17300,6833,0,0,1,0,0,6463,0
621,26,98,159,55,17300,6638,0,1,1,0,0,6268,1
622,37,100,158,55,17336,6317,0,1,1,0,0,5947,1
623,63,145,246,56,17435,7733,0,1,1,0,0,7363,1
624,38,91,135,56,17372,7913,0,1,0,0,190.7,7543,1
625,61,122,201,56,17564,8000,0,1,1,0,0,7630,1
626,71,160,304,56,17207,8098,0,1,0,0,370.2,7728,1
627,31,87,160,56,17621,8317,0,1,1,0,0,7947,1
628,53,94,168,56,17660,8425,0,0,1,0,0,8055,0
629,55,155,314,56,17174,8428,1,1,0,0,460.6,8058,3
630,33,70,152,56,17213,8680,0,0,0,0,463,8310,0
631,56,126,242,56,17675,8710,0,1,1,0,0,8340,1
632,47,132,208,56,17267,8872,0,1,0,0,439,8502,1
633,50,168,265,57,16991,8809,1,0,0,0,647.6,8439,2
634,35,188,345,57,16691,8719,1,0,0,0,915.2,8349,2
635,36,190,336,57,16550,8443,1,0,0,0,1078.4,8073,2
636,39,172,342,57,16769,8116,1,0,0,0,768.3,7746,2
637,39,181,359,57,16604,7769,1,0,0,0,754.3,7399,2
638,50,177,372,57,16196,7715,0,0,0,0,1123.5,7345,0
639,34,196,323,57,16355,8035,1,0,0,0,1100.7,7665,2
640,54,203,375,57,15902,8026,1,0,0,0,1500.5,7656,2
641,49,212,393,57,15983,8314,1,0,0,0,1563.9,7944,2
642,37,202,379,57,16160,8620,1,0,0,0,1403,8250,2
643,49,194,372,57,15710,8914,1,0,0,0,1709.2,8544,2
644,48,206,325,57,15701,8626,1,0,0,0,1810.5,8256,2
645,37,184,338,57,15356,8449,1,0,0,0,2174.5,8079,2
646,46,207,316,57,15413,8047,1,0,0,0,1967.4,7677,2
647,47,185,336,57,15731,7724,1,0,0,0,1580.8,7354,2
648,38,188,337,58,15236,7760,1,0,0,0,2075.1,7390,2
649,47,184,319,58,14711,7598,1,0,0,0,2581.2,7228,2
650,48,228,347,58,14822,7937,1,0,0,0,2513.4,7567,2
651,46,199,365,58,14897,8326,1,0,0,0,2546.1,7956,2
652,45,176,364,58,14960,8647,1,0,0,0,2503,8277,2
653,48,220,381,58,15149,8887,1,0,0,0,2255.5,8517,2
654,46,186,348,58,14507,8659,1,0,0,0,2933.7,8289,2
655,47,117,252,58,14570,8305,1,0,0,0,2849,7935,2
656,53,215,397,58,14345,8092,1,0,0,0,3012,7722,2
657,60,211,351,58,14237,7808,1,0,0,0,3071.8,7438,2
658,,193,321,58,14018,7520,1,0,0,0,3270.7,7150,2
659,,181,313,58,13862,7898,1,0,0,0,3455,7528,2
660,,194,337,58,13682,8281,1,0,0,0,3700.3,7911,2
661,60,188,338,58,14054,8467,1,0,0,0,3389.8,8097,2
662,55,197,337,58,13709,8764,0,0,0,0,3591.6,8394,0
663,,158,287,58,14072,8878,1,0,0,0,3213.8,8508,2
664,29,182,308,59,13271,8932,1,0,0,0,3938.2,8562,2
665,,175,319,59,13259,8587,1,0,0,0,4074.8,8217,2
666,,174,316,59,13325,8182,1,0,0,0,4029.9,7812,2
667,18,116,198,59,13556,7997,1,0,0,0,3771.7,7627,2
668,,180,328,59,13553,7667,1,0,0,0,3741.2,7297,2
669,,172,297,59,13142,7643,1,0,0,0,4150.4,7273,2
670,,179,297,59,12776,7508,1,0,0,0,4453.8,7138,2
671,27,178,313,59,12869,7865,1,0,0,0,4438.4,7495,2
672,13,94,173,59,13169,7955,1,0,0,0,4149.7,7585,2
673,,178,350,59,12872,8263,1,0,0,0,4490,7893,2
674,,193,345,59,12782,8725,1,0,0,0,4202.6,8355,2
675,43,144,305,59,12593,8473,1,0,0,0,4328.8,8103,2
676,25,171,285,59,12527,8146,0,0,0,0,4592.9,7776,0
677,,178,301,59,12146,7802,1,0,0,0,4769.3,7432,2
678,,159,289,59,12146,7802,1,0,0,0,4769.3,7432,2
679,,166,329,59,12149,8125,1,0,0,0,4466.3,7755,2
680,,179,337,59,12242,8545,1,0,0,0,4111.9,8175,2
681,,197,336,59,12320,8869,1,0,0,0,3851.9,8499,2
682,32,192,305,60,11879,7652,1,0,0,0,4833.3,7282,2
683,,134,248,60,11771,8245,1,0,0,0,4233.4,7875,2
684,,197,320,60,11807,8617,1,0,0,0,3888.7,8247,2
685,,160,326,60,11450,8851,1,0,0,0,3564.5,8481,2
686,,171,314,60,11210,8629,1,0,0,0,3672.1,8259,2
687,,174,331,60,11441,8338,1,0,0,0,4036,7968,2
688,,197,352,60,11603,7919,1,0,0,0,4482.9,7549,2
689,31,182,317,60,11333,7676,1,0,0,0,4591.9,7306,2
690,30,195,345,60,10988,7847,1,0,0,0,4310.1,7477,2
691,20,100,235,60,11204,8092,1,0,0,0,4158.3,7722,2
692,25,102,186,60,10835,8110,1,0,0,0,4012,7740,2
693,,148,299,60,10724,8440,1,0,0,0,3663.9,8070,2
694,,183,361,60,10820,8755,1,0,0,0,3399.5,8385,2
695,,155,288,60,10466,8677,1,0,0,0,3362.9,8307,2
696,,138,247,60,10391,8473,1,0,0,0,3542.4,8103,2
697,,185,302,60,10592,8083,1,0,0,0,3969.3,7713,2
698,,129,262,60,10604,7664,1,0,0,0,4378.7,7294,2
699,,172,334,60,10307,7778,1,0,0,0,4207.1,7408,2
700,,168,319,61,9995,7556,1,0,0,0,4090.1,7186,2
701,30,184,331,61,9938,7979,0,0,0,0,3959.6,7609,0
702,,183,307,61,10175,8182,1,0,0,0,3786.9,7812,2
703,,197,337,61,9944,8509,1,0,0,0,3432.6,8139,2
704,,136,241,61,9569,8707,1,0,0,0,3216.1,8337,2
705,,101,215,61,9626,8428,1,0,0,0,3495.2,8058,2
706,,181,303,61,9476,8152,1,0,0,0,3772.6,7782,2
707,32,158,279,61,9653,7763,1,0,0,0,4149.1,7393,2
708,,174,294,61,9278,7793,1,0,0,0,4065.5,7423,2
709,11,90,157,61,9041,7613,1,1,0,0,3835.2,7243,3
710,33,167,295,61,9104,8107,1,0,0,0,3846.4,7737,2
711,,165,311,61,9008,8371,1,0,0,0,3598.9,8001,2
712,,98,184,61,9005,8620,1,0,0,0,3353.9,8250,2
713,,154,285,61,9272,8713,1,0,0,0,3225.4,8343,2
714,37,189,319,61,8720,8737,1,0,0,0,3262.3,8367,2
715,38,181,298,61,8582,8302,1,0,0,0,3703.2,7932,2
716,40,199,314,61,8825,7895,1,0,0,0,4074.6,7525,2
717,22,140,201,61,8534,7940,1,0,0,0,4067.6,7570,2
718,,158,275,62,8486,7577,1,0,0,0,3722.3,7207,2
719,,157,280,62,8129,7598,1,0,0,0,3736.6,7228,2
720,45,170,316,62,8246,8012,1,0,0,0,4026.1,7642,2
721,36,175,338,62,8219,8407,1,0,0,0,3639.8,8037,2
722,32,168,286,62,8435,8800,1,0,0,0,3220.3,8430,2
723,53,182,329,62,8078,8794,1,0,0,0,3284.3,8424,2
724,50,194,325,62,7706,8743,1,0,0,0,3412.4,8373,2
725,20,99,215,62,7904,8512,1,0,0,0,3592.5,8142,2
726,36,137,251,62,7937,8152,1,0,0,0,3940.7,7782,2
727,32,164,263,62,7784,7925,1,0,0,0,4087.2,7555,2
728,,106,217,62,7805,7598,1,0,0,0,3759.9,7228,2
729,,189,335,62,7487,7712,1,0,0,0,3921.4,7342,2
730,39,179,315,62,7424,8101,1,0,0,0,4107.1,7731,2
731,19,58,111,62,7643,8242,0,1,0,0,3913.1,7872,1
732,21,92,209,62,7460,8452,1,0,0,0,3761,8082,2
733,36,172,286,62,7394,8875,1,0,0,0,3383.1,8505,2
734,43,191,299,62,7166,8560,1,0,0,0,3760,8190,2
735,34,182,306,62,7076,8224,1,0,0,0,4105.2,7854,2
736,34,174,295,62,7046,7850,1,0,0,0,4161.1,7480,2
737,24,120,214,62,6881,7532,1,0,0,0,3911.6,7162,2
738,26,164,299,63,6596,7703,1,0,0,0,4175.9,7333,2
739,32,168,261,63,6719,8065,1,0,0,0,4393.6,7695,2
740,40,153,297,63,6626,8386,1,0,0,0,4149.1,8016,2
741,14,90,177,63,6815,8557,1,0,0,0,3909.7,8187,2
742,37,172,274,63,6914,8869,1,0,0,0,3587.3,8499,2
743,35,149,264,63,6530,8788,1,0,0,0,3850.8,8418,2
744,,78,167,63,6209,8812,1,0,0,0,4012.9,8442,2
745,41,176,312,63,6242,8551,1,0,0,0,4206.9,8181,2
746,25,111,216,63,6227,8245,1,0,0,0,4164.4,7875,2
747,28,172,289,63,6296,7958,1,0,0,0,4143.3,7588,2
748,41,160,291,63,6308,7520,1,0,0,0,4019.2,7150,2
749,42,187,306,63,5816,7535,1,0,0,0,3578.2,7165,2
750,24,95,187,63,6062,7700,1,1,0,0,3853.1,7330,3
751,45,164,296,63,5885,7949,1,0,0,0,3746.4,7579,2
752,40,190,306,63,5927,8269,1,0,0,0,3891.9,7899,2
753,39,173,303,63,5939,8740,1,0,0,0,4026.9,8370,2
754,38,167,293,63,5501,8848,1,0,0,0,3579.3,8478,2
755,33,177,308,63,5657,8527,1,0,0,0,3750.3,8157,2
756,29,111,222,63,5609,8218,1,0,0,0,3577.9,7848,2
757,41,173,290,63,5465,7934,1,0,0,0,3342.4,7564,2
758,,162,303,63,5435,7646,1,0,0,0,3230.9,7276,2
759,47,183,291,63,5324,8302,1,0,0,0,3352.2,7932,2
760,34,96,181,63,5330,8581,1,1,0,0,3450.1,8211,3
761,37,143,278,64,5090,8656,1,0,0,0,3200.4,8286,2
762,49,176,307,64,5024,8206,1,0,0,0,3040.6,7836,2
763,,164,292,64,5087,7832,1,0,0,0,2951.9,7462,2
764,27,118,238,64,4895,7604,1,0,0,0,2698.9,7234,2
765,32,122,234,64,4727,7730,1,1,0,0,2578.6,7360,3
766,35,170,326,64,4769,8050,1,0,0,0,2742.9,7680,2
767,28,128,297,64,4751,8341,1,0,0,0,2867.2,7971,2
768,,172,273,64,4727,8635,1,0,0,0,2848.6,8265,2
769,,126,217,64,4397,8683,1,0,0,0,2516,8313,2
770,,169,249,64,4415,8290,1,0,0,0,2557.4,7920,2
771,,85,218,64,4403,7991,1,0,0,0,2390.6,7621,2
772,,176,278,64,4463,7685,1,0,0,0,2315.7,7315,2
773,,180,285,64,4199,7562,1,0,0,0,2025.2,7192,2
774,,196,306,64,4055,7889,1,0,0,0,2037.8,7519,2
775,,162,259,64,4127,8233,1,0,0,0,2290.5,7863,2
776,,166,304,64,4097,8587,1,0,0,0,2250.2,8217,2
777,,109,229,64,3779,8779,1,0,0,0,1892.5,8409,2
778,,206,349,64,3626,8560,1,0,0,0,1814.4,8190,2
779,,151,273,64,3821,8299,1,0,0,0,2099.7,7929,2
780,,76,201,64,3764,8080,1,0,0,0,1911.5,7710,2
781,,170,275,64,3587,7850,1,0,0,0,1629,7480,2
782,33,186,334,64,3782,7511,1,0,0,0,1620.2,7141,2
783,,96,221,65,3440,7568,1,0,0,0,1345.7,7198,2
784,31,183,314,65,3440,8236,1,0,0,0,1780.9,7866,2
785,23,168,318,65,3458,8839,1,0,0,0,1566.7,8469,2
786,27,69,159,65,3197,8881,1,1,0,0,1303.8,8511,3
787,,150,292,65,3128,8551,1,0,0,0,1369.7,8181,2
788,,136,245,65,3145,8095,1,0,0,0,1467,7725,2
789,,225,379,65,3074,7850,1,0,0,0,1253.5,7480,2
790,,89,208,65,2927,7598,1,1,0,0,976.7,7228,3
791,46,174,323,65,2867,8242,1,0,0,0,1338.5,7872,2
792,,84,183,65,2858,8602,1,1,0,0,1114.3,8232,3
793,,177,300,65,2924,8806,1,0,0,0,1071.9,8436,2
794,,124,264,65,2411,8749,1,1,0,0,676.9,8379,3
795,,195,357,65,2582,8488,1,0,0,0,964.4,8118,2
796,,111,252,65,2360,8260,1,0,0,0,915.4,7890,2
797,,101,224,65,2534,8095,1,0,0,0,1066,7725,2
798,,175,333,65,2555,7883,1,0,0,0,928.2,7513,2
799,49,165,292,65,2615,7682,1,0,0,0,801,7312,2
800,69,159,272,65,2138,7559,1,1,0,0,477.4,7189,3
801,37,86,175,65,2264,7757,0,1,0,0,696.5,7387,1
802,57,123,257,65,1931,7982,0,1,0,0,467,7612,1
803,51,103,206,65,2006,8248,0,1,0,0,572.3,7878,1
804,51,98,208,65,2141,8638,0,1,0,0,526.2,8268,1
805,34,142,257,65,2108,8941,0,0,0,0,339.8,8571,0
806,41,103,175,66,1469,8050,0,1,1,0,0,7680,1
807,47,83,178,67,1775,9016,0,1,1,0,0,8646,1
808,34,126,229,67,1943,9238,1,1,1,0,0,8868,3
809,,120,182,67,1910,9487,0,0,1,0,0,9117,0
810,,90,158,67,1922,9670,0,1,1,0,0,9300,1
811,42,97,181,67,1760,9925,0,1,1,0,0,9555,1
812,,121,173,67,1874,10129,0,1,1,0,0,9759,1
813,27,87,179,67,755,10333,0,0,0,1,-1084.7,9963,0
814,,102,164,68,2081,10138,1,1,0,0,207.2,9768,3
815,,156,247,68,2168,9958,0,0,0,0,340.1,9588,0
816,,115,225,68,2099,9730,1,0,0,0,186.9,9360,2
817,,141,279,68,2237,9388,1,1,0,0,330.1,9018,3
818,,99,165,68,2273,9154,0,1,0,0,340.5,8784,1
819,,153,310,68,2519,8971,0,0,0,0,634.9,8601,0
820,,80,125,68,2477,9415,1,1,0,0,562.6,9045,3
821,,188,334,68,2390,9625,1,0,0,0,470.2,9255,2
822,,100,230,68,2558,9763,1,0,0,0,642.8,9393,2
823,,181,336,68,2621,10033,1,0,0,0,753.1,9663,2
824,,133,254,68,2348,10258,1,0,0,0,450.2,9888,2
825,,106,227,68,2696,10309,1,0,0,0,771.3,9939,2
826,,171,287,68,2987,10228,1,0,0,0,1062.1,9858,2
827,,91,175,68,3077,9976,1,1,0,0,1194.8,9606,3
828,49,188,302,68,2846,9787,1,0,0,0,931.4,9417,2
829,,165,288,68,2795,9520,1,0,0,0,885.6,9150,2
830,,192,290,68,2711,9199,1,0,0,0,769,8829,2
831,,98,192,68,2942,9241,1,0,0,0,999,8871,2
832,,227,365,68,3194,9103,1,0,0,0,1258.3,8733,2
833,,196,324,68,3200,9457,1,0,0,0,1275.9,9087,2
834,,170,298,68,3278,9787,1,0,0,0,1361,9417,2
835,32,144,232,68,3332,10198,1,0,0,0,1385.8,9828,2
836,,154,307,68,3680,10315,1,0,0,0,1678,9945,2
837,,200,313,68,3659,9952,1,0,0,0,1759.7,9582,2
838,,178,313,68,3608,9625,1,0,0,0,1686.6,9255,2
839,,118,228,68,3551,9382,0,0,0,0,1614.4,9012,0
840,34,193,314,68,3677,9100,1,0,0,0,1739.5,8730,2
841,,190,298,69,4037,8944,1,0,0,0,2114.5,8574,2
842,17,85,170,69,4142,9217,1,1,0,0,2199.1,8847,3
843,,190,328,69,3971,9424,1,0,0,0,2036.5,9054,2
844,23,132,261,69,3959,9706,1,0,0,0,2037.3,9336,2
845,,200,317,69,4115,9988,1,0,0,0,2191.4,9618,2
846,,120,219,69,4301,10291,1,0,0,0,2288.7,9921,2
847,49,189,303,69,4541,10177,1,0,0,0,2547.2,9807,2
848,28,164,300,69,4403,9844,1,0,0,0,2487.1,9474,2
849,,94,210,69,4220,9562,1,0,0,0,2299.9,9192,2
850,42,207,308,69,4436,9406,1,0,0,0,2498.7,9036,2
851,,178,288,69,4400,9004,1,0,0,0,2468.1,8634,2
852,25,129,228,69,4742,9196,1,0,0,0,2799.3,8826,2
853,13,69,113,69,4709,9463,0,0,0,0,2775.1,9093,0
854,,160,316,69,4670,9700,1,0,0,0,2748.2,9330,2
855,38,141,216,69,4760,9967,1,0,0,0,2811.6,9597,2
856,36,59,111,69,4850,10288,1,0,0,0,2829.5,9918,2
857,35,89,150,69,5162,10264,1,1,0,0,3141.4,9894,3
858,48,170,294,69,5087,9934,1,0,0,0,3135.6,9564,2
859,44,176,308,69,4964,9511,1,0,0,0,3033.3,9141,2
860,43,168,280,69,5222,9355,1,0,0,0,3281.1,8985,2
861,30,100,185,69,5288,9097,1,0,0,0,3348,8727,2
862,,180,320,69,5051,8998,1,0,0,0,3117.3,8628,2
863,,74,137,69,3818,10135,1,1,0,0,1862.4,9765,3
864,49,176,275,70,5552,9259,1,0,0,0,3609.1,8889,2
865,,91,202,70,5612,9529,1,0,0,0,3676.6,9159,2
866,32,134,226,70,5381,9676,1,1,0,0,3459,9306,3
867,44,165,292,70,5426,9958,1,0,0,0,3437.7,9588,2
868,38,160,268,70,5537,10243,1,0,0,0,3147.9,9873,2
869,20,78,154,70,5804,10030,1,1,0,0,3153,9660,3
870,57,177,292,70,6275,10237,1,0,0,0,2728.5,9867,2
871,42,169,304,70,6044,9910,1,0,0,0,3126.8,9540,2
872,37,138,251,70,6119,9622,1,0,0,0,3346.1,9252,2
873,41,187,275,70,5918,9388,1,0,0,0,3645.6,9018,2
874,42,155,265,70,5870,9013,1,0,0,0,3933.4,8643,2
875,30,94,207,70,6170,9289,1,0,0,0,3627.6,8919,2
876,44,186,304,70,6332,9043,1,0,0,0,3754.2,8673,2
877,,169,295,70,6446,9400,1,0,0,0,3403,9030,2
878,41,131,244,70,6395,9886,1,0,0,0,2990.3,9516,2
879,28,84,174,70,6554,10135,1,1,0,0,2698.8,9765,3
880,42,191,343,70,6887,10150,1,0,0,0,2546.5,9780,2
881,64,191,311,70,6668,9772,1,0,0,0,2975.1,9402,2
882,42,162,303,70,6872,9439,1,0,0,0,3118.5,9069,2
883,31,134,248,70,6683,9091,1,0,0,0,3513.2,8721,2
884,24,94,191,71,7169,9043,1,0,0,0,3317.1,8673,2
885,47,183,325,71,7334,9310,1,0,0,0,3005.3,8940,2
886,32,123,239,71,7250,9637,1,0,0,0,2752.2,9267,2
887,32,158,227,71,7043,9823,1,0,0,0,2704.9,9453,2
888,32,79,143,71,7166,10051,1,1,0,0,2447.8,9681,3
889,34,103,219,71,7058,10396,1,1,0,0,2249.8,10026,3
890,41,165,286,71,7331,10336,1,0,0,0,2120.4,9966,2
891,47,206,343,71,7493,9985,1,0,0,0,2330.1,9615,2
892,30,99,218,71,7565,9655,1,1,0,0,2595.9,9285,3
893,41,181,317,71,7781,9436,1,1,0,0,2726,9066,3
894,,132,243,71,7718,9061,1,0,0,0,3103.1,8691,2
895,27,152,255,71,7910,9190,1,0,0,0,2928.7,8820,2
896,33,173,297,71,7784,9892,1,0,0,0,2293.9,9522,2
897,,87,172,71,7976,10135,1,1,0,0,2000.8,9765,3
898,43,179,298,71,8231,10360,1,0,0,0,1716.5,9990,2
899,19,110,214,71,8219,10018,1,0,0,0,2054.1,9648,2
900,32,187,323,71,8096,9742,1,0,0,0,2349,9372,2
901,33,154,244,71,8324,9490,1,0,0,0,2555.2,9120,2
902,,183,314,71,8267,9142,1,0,0,0,2907.7,8772,2
903,,183,316,71,8645,9157,1,0,0,0,2846,8787,2
904,,180,323,71,8474,9913,1,0,0,0,2112.4,9543,2
905,,150,271,71,8525,10282,1,0,0,0,1740,9912,2
906,,104,189,72,8747,10087,1,0,0,0,1912.1,9717,2
907,,170,296,72,9026,10246,1,0,0,0,1764.9,9876,2
908,,173,302,72,8948,9826,1,0,0,0,2176.2,9456,2
909,,163,291,72,8741,9565,1,0,0,0,2434.1,9195,2
910,17,85,166,72,8870,9340,1,1,0,0,2658.6,8970,3
911,,117,245,72,8945,8953,1,0,0,0,3038.6,8583,2
912,32,185,332,72,9191,9172,1,0,0,0,2779.4,8802,2
913,,161,278,72,9212,9487,1,0,0,0,2464.7,9117,2
914,,118,215,72,9359,9742,1,0,0,0,2192.9,9372,2
915,,187,321,72,9353,10060,1,0,0,0,1877.6,9690,2
916,30,171,283,72,9611,10048,1,0,0,0,1875.2,9678,2
917,22,108,229,72,9902,10375,1,0,0,0,1579.7,10005,2
918,,82,183,72,9890,9988,1,0,0,0,1958.6,9618,2
919,,185,321,72,9806,9622,1,0,0,0,2311.4,9252,2
920,,169,330,72,9590,9415,1,0,0,0,2508,9045,2
921,,181,309,72,9506,9058,1,0,0,0,2866.1,8688,2
922,,192,325,72,9950,8953,1,0,0,0,2992.1,8583,2
923,,103,219,72,9980,9244,1,0,0,0,2707.7,8874,2
924,,155,277,72,10103,9640,1,0,0,0,2340.6,9270,2
925,,201,323,72,10247,10054,1,0,0,0,1982.1,9684,2
926,,162,300,72,10202,10345,1,0,0,0,1693.6,9975,2
927,,175,305,72,10385,9568,0,0,0,0,2486.5,9198,0
928,,200,344,72,10328,9190,1,0,0,0,2831.7,8820,2
929,,141,266,73,10583,8977,1,0,0,0,3109.8,8607,2
930,,184,299,73,10754,9247,1,0,0,0,2919.4,8877,2
931,,163,273,73,10673,9709,1,0,0,0,2466,9339,2
932,,198,332,73,10712,10099,1,0,0,0,2143,9729,2
933,,184,333,73,11045,10318,1,0,0,0,2043.5,9948,2
934,,176,290,73,11018,9940,1,0,0,0,2408.5,9570,2
935,,179,343,73,11024,9568,1,0,0,0,2758.8,9198,2
936,,177,319,73,11096,9127,1,0,0,0,3177.2,8757,2
937,,99,191,73,11282,9436,1,1,0,0,2956.4,9066,3
938,,167,292,73,11381,9799,1,0,0,0,2632.9,9429,2
939,,177,311,73,11429,10288,1,0,0,0,2189.5,9918,2
940,,169,336,73,11714,9946,1,0,0,0,2618,9576,2
941,,156,272,73,11678,9571,1,0,0,0,2947.5,9201,2
942,,193,362,73,11567,9199,1,0,0,0,3261.1,8829,2
943,,190,333,73,11927,8989,1,0,0,0,3580.4,8619,2
944,,195,324,73,11987,9394,1,0,0,0,3233.8,9024,2
945,,173,314,73,12032,10057,1,0,0,0,2675.5,9687,2
946,,145,274,74,12326,10102,1,0,0,0,2807.3,9732,2
947,,201,365,74,12248,9715,1,0,0,0,3080,9345,2
948,,193,331,74,12419,9262,1,0,0,0,3555.2,8892,2
949,,203,356,74,12716,9460,1,0,0,0,3556.2,9090,2
950,37,193,345,74,12671,9883,1,0,0,0,3180,9513,2
951,,179,337,74,12932,10102,1,0,0,0,3168.2,9732,2
952,,184,297,74,13118,9754,1,0,0,0,3553.8,9384,2
953,,102,259,74,12974,9535,1,0,0,0,3639.1,9165,2
954,,182,337,74,12920,9082,1,0,0,0,3981.7,8712,2
955,,176,339,74,13328,9319,1,0,0,0,3774.1,8949,2
956,36,187,324,74,13484,9694,1,0,0,0,3548.6,9324,2
957,32,189,360,74,13295,10171,1,0,0,0,3369.8,9801,2
958,,187,309,74,13595,10291,1,0,0,0,3239.9,9921,2
959,30,175,292,74,13778,9895,1,0,0,0,3220.8,9525,2
960,,185,350,74,13799,9208,1,0,0,0,3350.2,8838,2
961,43,150,309,74,13583,9058,1,0,0,0,3602.2,8688,2
962,47,195,366,75,13970,9475,1,0,0,0,3113.5,9105,2
963,,170,318,75,13973,10210,1,0,0,0,2940.7,9840,2
964,,174,337,75,14378,10318,1,0,0,0,2527.9,9948,2
965,,179,300,75,14300,9982,1,0,0,0,2691.8,9612,2
966,,184,330,75,14249,9664,1,0,0,0,2800,9294,2
967,,183,325,75,14336,9145,1,0,0,0,2865.7,8775,2
968,40,163,285,75,14687,8995,1,0,0,0,2610.2,8625,2
969,47,174,334,75,14588,9472,1,0,0,0,2518.4,9102,2
970,43,185,312,75,14588,9838,1,0,0,0,2435.5,9468,2
971,,168,283,75,14732,10366,1,0,0,0,2191,9996,2
972,44,139,293,75,14894,9952,1,0,0,0,2116.5,9582,2
973,40,182,323,75,15011,9688,1,0,0,0,2052.1,9318,2
974,43,191,345,75,14975,9328,1,1,0,0,2205.7,8958,3
975,56,188,337,75,15383,9160,1,0,0,0,1926.3,8790,2
976,50,207,330,75,15413,9565,1,0,0,0,1709.8,9195,2
977,42,197,340,75,15221,10195,1,1,0,0,1747.4,9825,3
978,50,210,367,76,15440,9895,1,0,0,0,1586.8,9525,2
979,49,200,354,76,15722,10297,1,0,0,0,1236.5,9927,2
980,48,203,366,76,15842,9772,1,0,0,0,1234.6,9402,2
981,40,198,345,76,15722,9244,1,0,0,0,1585.9,8874,2
982,40,188,349,76,16190,8959,1,0,0,0,1235.3,8589,2
983,54,186,391,76,16070,9391,1,0,0,0,1208.2,9021,2
984,35,209,400,76,16046,10042,1,0,0,0,963.8,9672,2
985,32,203,390,76,16220,10225,1,0,0,0,770.7,9855,2
986,63,167,320,76,16718,10240,0,1,0,0,277,9870,1
987,56,178,376,76,16436,9829,1,0,0,0,679.1,9459,2
988,39,174,354,76,16319,9577,1,0,0,0,908.8,9207,2
989,47,177,301,76,16688,9094,1,0,0,0,720.2,8724,2
990,20,68,131,76,17138,9169,0,0,0,0,283.2,8799,0
991,55,138,304,76,16961,9409,0,1,0,0,411.4,9039,1
992,14,72,207,76,16832,9580,0,1,0,0,451.7,9210,1
993,46,146,278,76,16802,9838,0,1,0,0,379.2,9468,1
994,48,118,174,76,17018,9949,0,1,0,0,181.1,9579,1
995,60,142,222,76,17180,9868,0,0,1,0,0,9498,0
996,32,90,159,76,16994,10216,0,0,1,0,0,9846,0
997,51,105,197,77,17366,9337,0,0,1,0,0,8967,0
998,46,103,185,78,17576,10747,0,0,0,1,-618.6,10377,0
999,19,80,115,78,16973,10609,0,1,1,0,0,10239,1
1000,51,127,186,78,16991,11020,0,1,1,0,0,10650,1
1001,40,101,161,79,16793,10852,0,1,0,0,259.7,10482,1
1002,55,143,214,79,16943,10492,0,1,1,0,0,10122,1
1003,39,160,320,79,16490,10525,0,0,0,0,454.2,10155,0
1004,43,182,392,79,16409,10768,0,1,0,0,586,10398,1
1005,75,156,300,79,16481,11137,1,1,0,0,328.8,10767,3
1006,26,102,138,79,16655,11416,0,1,1,0,0,11046,1
1007,39,74,118,79,16550,11689,0,0,1,0,0,11319,0
1008,47,104,168,79,16424,11677,0,1,0,0,126.6,11307,1
1009,69,135,253,79,16166,11818,0,1,0,0,253.2,11448,1
1010,57,126,271,79,16313,11473,1,1,0,0,320.7,11103,3
1011,44,166,311,79,15911,11780,1,0,0,0,490.9,11410,2
1012,66,171,305,79,15953,11365,1,0,0,0,679.3,10995,2
1013,46,187,346,79,16061,11032,1,0,0,0,707.3,10662,2
1014,25,168,299,79,16100,10540,1,0,0,0,844.4,10170,2
1015,48,184,358,79,15809,10747,1,0,0,0,1078.6,10377,2
1016,44,173,296,79,15443,10591,1,0,0,0,1466.1,10221,2
1017,43,186,347,79,15428,11041,1,0,0,0,1283,10671,2
1018,49,195,342,79,15587,11329,1,0,0,0,1011,10959,2
1019,39,152,303,79,15680,11632,1,0,0,0,763.5,11262,2
1020,36,181,263,79,15323,11638,1,0,0,0,1091,11268,2
1021,,197,332,80,14930,11626,1,0,0,0,1444.8,11256,2
1022,64,172,300,80,15005,11263,1,0,0,0,1532.6,10893,2
1023,47,197,361,80,15140,10942,1,0,0,0,1587.4,10572,2
1024,50,211,395,80,15032,10528,1,0,0,0,1850,10158,2
1025,,170,301,80,14807,10762,1,0,0,0,1960.3,10392,2
1026,,173,320,80,14705,11320,1,0,0,0,1781,10950,2
1027,,188,335,80,14294,11674,1,0,0,0,1870.4,11304,2
1028,,186,295,80,14207,11278,1,0,0,0,2190.4,10908,2
1029,,167,263,80,14522,11122,1,0,0,0,2027.9,10752,2
1030,,166,275,80,14432,10693,1,0,0,0,2318.1,10323,2
1031,,175,327,80,13952,10546,1,0,0,0,2802.5,10176,2
1032,43,195,338,80,13973,10882,1,0,0,0,2626.9,10512,2
1033,,182,321,80,13820,11239,1,0,0,0,2510.7,10869,2
1034,,173,375,80,13814,11518,1,0,0,0,2355.4,11148,2
1035,,181,320,81,13553,10831,1,1,0,0,2975.8,10461,3
1036,,184,337,81,13241,10576,1,0,0,0,3062.7,10206,2
1037,39,172,290,81,13103,10939,1,0,0,0,2735.3,10569,2
1038,,164,339,81,13196,11236,1,0,0,0,2660.1,10866,2
1039,,163,301,81,13001,11824,1,0,0,0,2099.6,11454,2
1040,,186,308,81,12596,11542,1,0,0,0,1986.8,11172,2
1041,,175,324,81,12833,11242,1,0,0,0,2343,10872,2
1042,,197,332,81,12752,10873,1,0,0,0,2496.5,10503,2
1043,,181,327,81,12827,10483,1,0,0,0,2817.2,10113,2
1044,,198,360,81,12443,10399,1,0,0,0,2628.7,10029,2
1045,,173,303,81,12347,10855,1,0,0,0,2216.8,10485,2
1046,,182,328,81,12329,11284,1,0,0,0,1908.4,10914,2
1047,,188,316,81,12215,11716,1,0,0,0,1569.2,11346,2
1048,,147,277,81,11999,11365,1,0,0,0,1608.1,10995,2
1049,,165,302,81,12050,10651,1,0,0,0,2195.9,10281,2
1050,,195,335,82,11771,10444,1,0,0,0,2208.9,10074,2
1051,,185,308,82,11861,11002,1,0,0,0,1799,10632,2
1052,,172,324,82,11858,11776,1,0,0,0,1235.3,11406,2
1053,,185,341,82,11627,11446,1,0,0,0,1301.4,11076,2
1054,,94,219,82,11477,11206,1,0,0,0,1416.8,10836,2
1055,,161,305,82,11405,10930,1,0,0,0,1603.2,10560,2
1056,,122,244,82,11483,10597,1,0,0,0,1932.3,10227,2
1057,,181,303,82,11171,10714,1,0,0,0,1698.8,10344,2
1058,25,172,339,82,11216,11455,1,0,0,0,1060.3,11085,2
1059,,138,265,82,10847,11536,1,0,0,0,815.9,11166,2
1060,,170,387,82,10973,11275,1,0,0,0,1103.9,10905,2
1061,,217,320,82,10757,10987,1,0,0,0,1333.6,10617,2
1062,,149,258,82,10760,10582,1,0,0,0,1736.4,10212,2
1063,,205,341,82,10427,10561,1,0,0,0,1600.2,10191,2
1064,,143,271,82,10565,10816,1,0,0,0,1477.1,10446,2
1065,,166,297,82,10325,11038,1,0,0,0,1152.3,10668,2
1066,35,170,312,82,10412,11341,1,0,0,0,985,10971,2
1067,,137,304,82,10547,11596,1,0,0,0,715.2,11226,2
1068,,106,240,82,10226,11698,1,0,0,0,641,11328,2
1069,,118,177,83,9971,11788,0,1,0,0,407,11418,1
1070,,124,270,83,9809,11473,0,0,0,0,501.8,11103,0
1071,,102,162,83,10097,11413,1,1,0,0,721.2,11043,3
1072,,161,291,83,9947,11155,1,0,0,0,848.2,10785,2
1073,,152,283,83,9668,10486,1,0,0,0,1439.3,10116,2
1074,,158,308,83,9644,10981,1,0,0,0,943.7,10611,2
1075,,81,167,83,9488,11416,1,0,0,0,516.6,11046,2
1076,33,121,283,83,9254,11662,0,1,0,0,369.5,11292,1
1077,,124,239,83,9311,11221,0,0,0,0,754.3,10851,0
1078,,169,317,83,9434,10864,1,0,0,0,1070,10494,2
1079,,175,301,83,9371,10474,1,0,0,0,1465,10104,2
1080,,168,337,83,9077,10675,1,0,0,0,1348.2,10305,2
1081,31,113,208,83,9056,11050,0,0,0,0,978.6,10680,0
1082,,129,229,83,8993,11605,0,0,0,0,432.3,11235,0
1083,56,134,238,83,8714,11623,0,1,0,0,387.8,11253,1
1084,,75,169,83,8900,11035,1,1,0,0,966.9,10665,3
1085,,170,302,83,8732,10588,1,0,0,0,1412.3,10218,2
1086,,109,208,84,8300,10621,1,0,0,0,1446.8,10251,2
1087,,176,310,84,8042,10657,1,0,0,0,1487.4,10287,2
1088,,74,97,84,8141,10867,0,0,0,0,1255.7,10497,0
1089,,158,246,84,8351,10951,1,0,0,0,1113.5,10581,2
1090,37,95,137,84,8246,11245,1,0,0,0,866.3,10875,2
1091,,92,167,84,8495,11239,1,1,0,0,804.5,10869,3
1092,48,132,198,84,8360,11461,0,1,0,0,622.9,11091,1
1093,,101,205,84,8150,11512,0,1,0,0,689.5,11142,1
1094,,133,215,84,7922,11800,1,1,0,0,715.4,11430,3
1095,28,97,174,84,7883,11458,1,1,0,0,919.3,11088,3
1096,24,107,239,84,7859,10870,1,0,0,0,1380.8,10500,2
1097,56,193,326,84,7724,10462,1,0,0,0,1800.8,10092,2
1098,27,114,229,84,7481,10612,1,0,0,0,1810,10242,2
1099,,193,326,84,7280,10849,1,0,0,0,1773.6,10479,2
1100,,182,301,84,7658,11011,1,0,0,0,1390.8,10641,2
1101,17,107,187,84,7415,11137,1,1,0,0,1485.6,10767,3
1102,41,141,251,84,7538,11497,1,0,0,0,1129.4,11127,2
1103,44,157,256,84,7334,11674,1,1,0,0,986.2,11304,3
1104,,123,209,84,7058,11731,1,1,0,0,1042.9,11361,3
1105,26,91,192,84,7193,11380,1,1,0,0,1308.3,11010,3
1106,,179,311,84,7052,1110,1,1,0,0,285.6,740,3
1107,41,122,219,84,6995,10624,1,1,0,0,2089,10254,3
1108,41,169,274,85,6677,10444,1,0,0,0,2366.3,10074,2
1109,54,197,330,85,6638,10783,1,0,0,0,2075.8,10413,2
1110,28,67,131,85,6785,11038,1,1,0,0,1781.8,10668,3
1111,37,181,330,85,6860,11359,1,0,0,0,1463.9,10989,2
1112,16,53,105,85,6773,11557,0,1,0,0,1347.7,11187,1
1113,,93,191,85,6563,11677,1,0,0,0,1401.3,11307,2
1114,48,167,284,85,6458,11374,1,0,0,0,1690.5,11004,2
1115,38,134,253,85,6476,11053,1,0,0,0,1929.6,10683,2
1116,33,115,216,85,6323,10504,0,0,0,0,2473.2,10134,0
1117,21,82,162,85,6041,10426,1,1,0,0,2692.7,10056,3
1118,57,185,314,85,6182,10744,1,0,0,0,2352.6,10374,2
1119,44,196,320,85,6068,11095,1,1,0,0,2161.6,10725,3
1120,25,59,104,85,6194,11440,1,1,0,0,1834.9,11070,3
1121,35,155,281,85,6197,11608,1,0,0,0,1695.9,11238,2
1122,53,141,251,85,6080,11842,1,1,0,0,1537.5,11472,3
1123,28,87,152,85,5882,11755,1,1,0,0,1716.6,11385,3
1124,44,181,303,85,5837,11491,1,0,0,0,1963.3,11121,2
1125,34,90,193,85,5795,11137,1,1,0,0,2293.1,10767,3
1126,57,176,252,85,5837,10819,1,1,0,0,2520.4,10449,3
1127,56,201,298,85,5786,10438,1,0,0,0,2838.2,10068,2
1128,,190,297,85,5537,10753,1,0,0,0,2753.2,10383,2
1129,,177,280,85,5573,11242,1,0,0,0,2314.8,10872,2
1130,,122,217,85,5600,11680,1,1,0,0,1913,11310,3
1131,,87,181,85,5288,11824,1,1,0,0,1912.6,11454,3
1132,47,163,290,85,5315,11512,1,0,0,0,2203.1,11142,2
1133,21,75,150,85,5321,11254,1,1,0,0,2420.9,10884,3
1134,29,114,197,85,5324,10960,1,1,0,0,2679.3,10590,3
1135,36,162,295,85,5345,10516,1,1,0,0,3053.5,10146,3
1136,59,169,267,86,5042,10699,1,1,0,0,2985.3,10329,3
1137,36,95,169,86,4991,10972,1,1,0,0,2806.2,10602,3
1138,56,181,298,86,5108,11200,1,1,0,0,2561.5,10830,3
1139,42,175,306,86,5063,11608,1,1,0,0,2166.6,11238,3
1140,54,190,337,86,4598,11626,1,1,0,0,2270.4,11256,3
1141,41,129,242,86,4784,11425,1,1,0,0,2404.4,11055,3
1142,49,177,291,86,4724,11146,1,1,0,0,2606,10776,3
1143,44,135,239,86,4766,10867,1,1,0,0,2711.9,10497,3
1144,51,190,308,86,4724,10465,1,1,0,0,2681.2,10095,3
1145,33,109,240,86,4550,10699,1,0,0,0,2493.4,10329,2
1146,,170,300,86,4307,10612,1,1,0,0,2253.7,10242,3
1147,51,178,285,86,4379,11005,1,1,0,0,2337,10635,3
1148,52,161,261,86,4394,11299,1,1,0,0,2242.2,10929,3
1149,30,79,148,86,4199,11512,1,1,0,0,1980.1,11142,3
1150,24,59,135,86,4304,11746,1,1,0,0,2010.4,11376,3
1151,30,72,120,86,3818,11881,1,1,0,0,1506.3,11511,3
1152,64,174,294,86,3962,11662,1,1,0,0,1705.9,11292,3
1153,56,194,292,86,3899,11359,1,1,0,0,1772.8,10989,3
1154,38,84,154,86,4070,11143,1,1,0,0,2030.1,10773,3
1155,,205,345,86,4055,10843,1,1,0,0,2000.6,10473,3
1156,,188,300,86,4076,10360,1,1,0,0,2054.6,9990,3
1157,,82,185,86,3866,10606,1,1,0,0,1814,10236,3
1158,,180,283,86,3572,10807,1,1,0,0,1516.4,10437,3
1159,,163,268,86,3731,11059,1,1,0,0,1703.9,10689,3
1160,,187,296,86,3557,11326,1,1,0,0,1493.9,10956,3
1161,46,137,216,86,3632,11593,1,1,0,0,1427.5,11223,3
1162,54,188,250,86,3518,11809,1,1,0,0,1238.3,11439,3
1163,59,209,297,87,3059,11773,1,1,0,0,838.9,11403,3
1164,28,96,216,87,3311,11581,1,1,0,0,1154.9,11211,3
1165,14,60,111,87,3317,11371,1,1,0,0,1249.8,11001,3
1166,,120,239,87,3329,11095,1,1,0,0,1320.3,10725,3
1167,,106,224,87,3206,10873,1,1,0,0,1156.6,10503,3
1168,,208,359,87,3347,10522,1,1,0,0,1308.5,10152,3
1169,20,80,164,87,2960,10489,1,1,0,0,937.5,10119,3
1170,,136,277,87,2921,10711,1,1,0,0,864.5,10341,3
1171,,206,323,87,2846,11005,1,1,0,0,832,10635,3
1172,,172,291,87,2972,11263,1,1,0,0,941.2,10893,3
1173,37,147,312,87,2786,11569,1,1,0,0,702,11199,3
1174,,113,214,87,2543,11632,1,1,0,0,462.5,11262,3
1175,,151,248,87,2414,11419,1,1,0,0,365,11049,3
1176,,75,160,87,2654,11260,1,1,0,0,651.2,10890,3
1177,,148,264,87,2396,11140,1,1,0,0,441.7,10770,3
1178,,84,200,87,2531,10873,1,1,0,0,492,10503,3
1179,,178,288,87,2573,10618,1,1,0,0,530.5,10248,3
1180,51,116,232,87,2261,10552,0,1,0,0,278.1,10182,1
1181,,154,242,87,2216,10879,0,1,0,0,210.5,10509,1
1182,,116,211,87,2051,11125,1,1,0,0,202.1,10755,3
1183,55,108,189,87,2009,11353,0,1,1,0,0,10983,1
1184,,106,187,87,2084,11575,0,1,1,0,0,11205,1
1185,,121,199,87,2276,11824,0,1,0,0,314.4,11454,1
1186,25,64,104,87,1991,11788,0,1,0,0,174.6,11418,1
1187,42,70,123,87,1817,11773,0,1,1,0,0,11403,1
1188,49,84,122,87,1850,11146,0,1,1,0,0,10776,1
1189,,127,205,87,2057,10741,1,1,1,0,0,10371,3
1190,36,87,138,87,1934,10435,0,1,1,0,0,10065,1
1191,37,112,154,89,2033,12046,0,1,1,0,0,11676,1
1192,,132,245,89,2351,12223,0,1,1,0,0,11853,1
1193,,91,166,89,2336,12523,0,1,1,0,0,12153,1
1194,,86,152,89,2156,12709,0,1,1,0,0,12339,1
1195,,104,171,89,2360,12913,0,1,1,0,0,12543,1
1196,,105,185,91,2621,13183,0,1,0,0,308.7,12813,1
1197,,110,201,91,2609,12793,0,1,0,0,276.4,12423,1
1198,,70,130,91,2786,12574,0,1,0,0,452.9,12204,1
1199,,150,255,91,2702,12385,1,1,0,0,386.6,12015,3
1200,,165,238,91,2549,11917,1,1,0,0,364.5,11547,3
1201,,95,184,91,2747,11968,1,1,0,0,471,11598,3
1202,,157,270,91,2915,12097,1,1,0,0,577.9,11727,3
1203,,120,184,91,2900,12868,1,1,0,0,541.9,12498,3
1204,,141,220,91,3026,13021,1,1,0,0,594.9,12651,3
1205,,98,176,91,2846,13282,0,1,0,0,289,12912,1
1206,,93,128,91,3071,13306,1,1,0,0,386.7,12936,3
1207,25,54,116,91,3500,13279,1,1,0,0,771.6,12909,3
1208,58,149,253,91,3305,13129,1,1,0,0,679.5,12759,3
1209,43,133,245,91,3644,13060,1,1,0,0,997.7,12690,3
1210,40,111,206,91,3650,12778,1,1,0,0,1170.2,12408,3
1211,56,162,279,91,3416,12637,1,1,0,0,1086,12267,3
1212,,93,167,91,3245,12532,1,1,0,0,909,12162,3
1213,,90,209,91,3113,12385,1,1,0,0,779,12015,3
1214,,187,313,91,3389,12316,1,1,0,0,1042.2,11946,3
1215,53,132,258,91,3185,12076,1,1,0,0,846.9,11706,3
1216,41,91,156,91,3491,12064,1,1,0,0,1151,11694,3
1217,,190,291,92,3831,12081,1,1,0,0,1486.8,11711,3
1218,41,211,325,92,4151,11937,1,0,0,0,1822.6,11567,2
1219,53,159,280,92,4055,12321,1,0,0,0,1706.8,11951,2
1220,31,76,176,92,3779,12465,1,1,0,0,1444.2,12095,3
1221,49,174,295,92,3947,12557,1,1,0,0,1539.1,12187,3
1222,33,85,170,92,3959,12929,1,1,0,0,1278.6,12559,3
1223,43,154,267,92,3955,13137,1,1,0,0,1070.6,12767,3
1224,18,61,93,92,4155,13301,0,1,0,0,924,12931,1
1225,,134,204,92,4495,13253,1,1,0,0,1002.3,12883,3
1226,41,116,187,92,4387,12997,1,1,0,0,1241.3,12627,3
1227,42,159,218,92,4195,12757,1,1,0,0,1467,12387,3
1228,43,114,215,92,4279,12545,1,1,0,0,1649.1,12175,3
1229,74,191,315,92,4423,12265,1,1,0,0,1779.5,11895,3
1230,34,76,177,92,4523,12089,1,1,0,0,1879.4,11719,3
1231,37,110,190,92,4515,11885,1,1,0,0,2065.1,11515,3
1232,,172,253,92,4791,11917,1,1,0,0,1931.2,11547,3
1233,31,71,151,92,4811,12201,1,1,0,0,1657.3,11831,3
1234,37,109,178,92,4935,12445,1,1,0,0,1385.3,12075,3
1235,40,98,190,92,4643,12541,1,1,0,0,1428.2,12171,3
1236,,148,262,92,4599,12769,1,1,0,0,1269.2,12399,3
1237,,133,241,92,4863,12765,1,1,0,0,1123.1,12395,3
1238,37,71,117,92,5003,13017,0,1,0,0,834.8,12647,1
1239,,146,199,92,4811,13185,1,1,0,0,819.9,12815,3
1240,57,162,281,92,5139,12253,1,1,0,0,1518,11883,3
1241,46,145,201,92,5111,11945,1,1,0,0,1826.3,11575,3
1242,63,190,322,93,5501,11989,1,1,0,0,1694.6,11619,3
1243,31,78,143,93,5405,12271,1,1,0,0,1452,11901,3
1244,57,165,287,93,5699,12334,0,1,0,0,1310.9,11964,1
1245,49,140,250,93,5297,12514,1,1,0,0,1238,12144,3
1246,,123,205,93,5585,12625,1,1,0,0,1058.9,12255,3
1247,,100,181,93,5348,12892,1,1,0,0,857.1,12522,3
1248,,125,219,93,5255,13189,1,1,0,0,578.6,12819,3
1249,54,139,231,93,5705,13117,1,1,0,0,554.4,12747,3
1250,43,73,137,93,5717,12913,1,1,0,0,745.8,12543,3
1251,63,161,270,93,5867,12715,1,1,0,0,914.3,12345,3
1252,,129,211,93,6035,12580,1,1,0,0,915.9,12210,3
1253,79,156,273,93,6044,12298,1,1,0,0,1161.8,11928,3
1254,43,100,179,93,6173,12070,1,1,0,0,1294,11700,3
1255,,164,263,93,6530,11959,1,1,0,0,1255.9,11589,3
1256,50,136,256,93,6368,12220,1,1,0,0,1067.9,11850,3
1257,44,91,144,93,6284,12454,1,1,0,0,914.6,12084,3
1258,,154,227,93,6143,13012,1,1,0,0,509.4,12642,3
1259,29,77,96,93,5966,13162,0,1,0,0,478.6,12792,1
1260,,76,154,93,6404,13216,0,1,0,0,181.8,12846,1
1261,,112,153,93,6398,13006,0,1,0,0,372.8,12636,1
1262,36,76,134,93,6428,12784,1,1,0,0,573.1,12414,3
1263,,141,281,93,6608,12637,1,1,0,0,588.2,12267,3
1264,,159,272,93,6746,12403,1,1,0,0,777.7,12033,3
1265,49,83,143,93,6740,12124,1,1,0,0,991,11754,3
1266,50,160,266,93,6839,11854,1,1,0,0,1079.8,11484,3
1267,,123,219,93,6977,12373,1,1,0,0,667.4,12003,3
1268,,83,161,93,6962,12790,1,1,0,0,400.6,12420,3
1269,,112,175,93,6749,12823,0,1,0,0,364.7,12453,1
1270,,101,182,93,6620,13099,0,1,0,0,240,12729,1
1271,,107,169,93,6848,13174,0,1,1,0,0,12804,1
1272,38,82,131,94,7370,12925,0,1,1,0,0,12555,1
1273,39,114,190,94,7154,12715,1,1,0,0,301.3,12345,3
1274,44,143,227,94,7079,12142,1,1,0,0,706.8,11772,3
1275,,94,174,94,7298,12205,1,1,0,0,514.4,11835,3
1276,36,108,194,94,7446,12250,0,1,0,0,403.5,11880,1
1277,37,109,198,94,7481,12109,1,1,0,0,528.4,11739,3
1278,40,87,181,94,7595,12625,0,1,1,0,0,12255,1
1279,,107,191,94,7724,12295,0,0,0,0,354,11925,0
1280,46,143,210,94,7700,11899,1,1,0,0,720.1,11529,3
1281,47,124,188,94,8015,12154,1,1,0,0,383.7,11784,3
1282,31,76,111,94,7934,12580,1,1,1,0,0,12210,3
1283,,105,197,94,8258,12451,0,1,1,0,0,12081,1
1284,,96,176,94,8222,11884,1,1,0,0,405,11514,3
1285,,112,174,94,8399,11869,1,1,0,0,259.7,11499,3
1286,,104,154,94,8597,12037,0,1,1,0,0,11667,1
1287,,74,109,94,8813,11998,0,0,1,0,0,11628,0
1288,19,60,128,94,7628,12403,0,0,0,0,224.4,12033,0
1289,28,91,129,95,9323,12025,1,1,1,0,0,11655,3
1290,,116,206,95,9587,11923,0,1,1,0,0,11553,1
1291,,134,264,95,10364,11971,0,1,0,0,376.2,11601,1
1292,,98,140,95,10277,12337,0,1,1,0,0,11967,1
1293,,90,169,96,10589,12310,0,1,1,0,0,11940,1
1294,,115,175,96,10850,12490,0,1,1,0,0,12120,1
1295,,113,246,96,10862,12202,0,1,0,0,288.2,11832,1
1296,,167,318,96,10850,11950,1,1,0,0,444.7,11580,3
1297,,189,310,96,11174,11926,1,1,0,0,650.4,11556,3
1298,,152,254,96,11279,12457,1,1,0,0,430.3,12087,3
1299,,97,139,96,11168,12652,0,1,0,0,333.7,12282,1
1300,17,78,128,96,10838,12835,0,1,1,0,0,12465,1
1301,,105,182,96,11147,12985,0,1,1,0,0,12615,1
1302,,101,212,96,11348,13222,0,1,1,0,0,12852,1
1303,,100,173,96,11720,13165,0,1,0,0,275.8,12795,1
1304,,129,202,96,11639,12955,0,1,0,0,394.9,12585,1
1305,,148,248,96,11573,12586,1,1,0,0,583.7,12216,3
1306,,164,304,96,11570,12220,1,1,0,0,769,11850,3
1307,,167,386,96,11507,11875,1,1,0,0,899.9,11505,3
1308,,135,,96,12092,12286,1,1,0,0,1175.4,11916,3
1309,,123,219,96,12128,13000,1,1,0,0,643.5,12630,3
1310,,70,112,96,11948,13216,0,1,0,0,367.2,12846,1
1311,19,71,108,97,12422,13249,0,1,0,0,647.2,12879,1
1312,,126,222,97,12419,13009,1,1,0,0,843.6,12639,3
1313,,153,255,97,12296,12691,1,1,0,0,982.4,12321,3
1314,,181,327,97,12626,12178,1,1,0,0,1588.4,11808,3
1315,,183,336,97,12935,12424,1,1,0,0,1614.7,12054,3
1316,,184,338,97,12827,12751,1,1,0,0,1289.1,12381,3
1317,,141,268,97,12653,13129,1,1,0,0,893.4,12759,3
1318,,158,228,97,13019,13120,1,1,0,0,1167.9,12750,3
1319,,111,211,97,13355,13258,1,1,0,0,1183.8,12888,3
1320,28,209,410,97,13490,12721,1,1,0,0,1734.3,12351,3
1321,,176,281,97,13205,12298,1,1,0,0,1879.1,11928,3
1322,,166,297,97,13493,12088,1,1,0,0,2226.3,11718,3
1323,36,198,272,97,13805,11935,1,1,0,0,2170.2,11565,3
1324,,174,306,97,13730,12310,1,1,0,0,2101.4,11940,3
1325,,164,284,97,13817,12832,1,1,0,0,1670.6,12462,3
1326,,167,301,97,13667,13120,1,1,0,0,1359.8,12750,3
1327,,156,297,98,14093,13021,1,1,0,0,1484.8,12651,3
1328,,138,274,98,14099,12385,1,1,0,0,1733,12015,3
1329,,193,346,98,14111,12058,1,1,0,0,1840.4,11688,3
1330,,163,337,98,14405,12220,1,1,0,0,1506.9,11850,3
1331,,155,269,98,14450,13084,1,1,0,0,1171.4,12714,3
1332,,161,286,98,14636,13288,1,1,0,0,896.8,12918,3
1333,,158,275,98,14765,12967,1,1,0,0,919.9,12597,3
1334,,184,317,98,14843,12493,1,1,0,0,1003.4,12123,3
1335,,170,295,98,14732,12184,1,1,0,0,1225.9,11814,3
1336,,184,345,98,14708,11893,1,1,0,0,1408.4,11523,3
1337,41,201,385,98,15305,11929,1,1,0,0,983.2,11559,3
1338,,167,326,98,15071,12172,1,1,0,0,950.7,11802,3
1339,49,146,270,98,15464,12706,1,1,0,0,348.9,12336,3
1340,48,161,233,98,15368,12916,0,1,0,0,361.2,12546,1
1341,,135,255,98,15143,12808,1,1,0,0,609.9,12438,3
1342,,144,247,98,14972,12994,1,1,0,0,711.2,12624,3
1343,,127,180,98,15245,13078,0,1,0,0,430,12708,1
1344,,112,223,98,15170,13300,0,1,0,0,443.9,12930,1
1345,41,107,158,99,15674,13108,0,1,1,0,0,12738,1
1346,61,112,200,99,15806,12775,0,1,1,0,0,12405,1
1347,42,120,170,99,15680,12565,1,1,0,0,244.9,12195,3
1348,65,187,365,99,15473,12316,1,1,0,0,567.1,11946,3
1349,52,156,308,99,15713,12091,1,1,0,0,549.3,11721,3
1350,25,91,150,99,15860,12301,0,1,0,0,377,11931,1
1351,,106,174,99,16235,12262,1,1,1,0,0,11892,3
1352,55,120,207,99,16358,11983,0,0,1,0,0,11613,0
1353,34,75,172,101,18055,13429,0,0,0,1,-2162,13059,0
1354,39,91,166,101,17851,13925,0,0,0,1,-2318.8,13555,0
1355,27,82,142,102,15507,13589,0,0,1,0,0,13219,0
1356,22,72,117,102,15283,13909,0,1,1,0,0,13539,1
1357,,78,141,103,14871,13345,0,1,0,0,681.2,12975,1
1358,,93,185,103,15155,13637,0,1,0,0,300.6,13267,1
1359,,125,211,103,14839,13665,0,1,0,0,506.6,13295,1
1360,,108,179,103,14955,13833,0,1,0,0,336.7,13463,1
1361,28,85,145,103,14887,14261,0,1,0,0,237.9,13891,1
1362,24,97,131,103,14995,14473,0,0,1,0,0,14103,0
1363,23,75,124,103,14351,14613,0,1,0,0,495.8,14243,1
1364,,97,156,103,14179,14661,0,1,0,0,467.4,14291,1
1365,,102,174,103,14319,14289,0,1,0,0,700.6,13919,1
1366,,88,143,103,14655,14093,0,1,0,0,509.9,13723,1
1367,,105,162,103,14579,13745,0,1,0,0,722.8,13375,1
1368,,65,90,103,14407,13929,0,1,0,0,801,13559,1
1369,,140,230,103,14379,13369,1,1,0,0,1053,12999,3
1370,,117,207,103,14107,13521,0,1,0,0,1143.6,13151,1
1371,,129,213,103,13983,13941,1,1,0,0,739.6,13571,3
1372,,141,304,103,13719,13837,1,1,0,0,678.4,13467,3
1373,,131,205,103,13607,13605,1,1,0,0,871.5,13235,3
1374,,81,134,103,13659,14161,1,1,0,0,362.5,13791,3
1375,,79,111,103,13735,14425,0,1,0,0,277.8,14055,1
1376,,91,158,104,13589,14662,0,1,1,0,0,14292,1
1377,,86,161,104,13460,14464,0,1,1,0,0,14094,1
1378,,59,112,104,13523,14227,0,1,0,0,245.2,13857,1
1379,,113,176,104,13433,14041,0,1,0,0,423.9,13671,1
1380,,123,203,104,13364,13849,0,1,0,0,622.4,13479,1
1381,,128,207,104,12992,13486,1,1,0,0,847.1,13116,3
1382,,119,206,104,13067,13819,0,1,0,0,559.7,13449,1
1383,,69,122,104,13022,13990,0,1,0,0,382.8,13620,1
1384,,93,168,104,13169,14155,0,0,0,0,321.9,13785,0
1385,,101,172,104,12920,14359,0,1,1,0,0,13989,1
1386,,99,128,104,12767,14044,0,1,0,0,322.6,13674,1
1387,,112,191,104,12779,13795,0,0,0,0,473.6,13425,0
1388,,91,164,104,12698,13612,0,0,0,0,584.2,13242,0
1389,,126,210,104,12590,13420,0,0,0,0,668.7,13050,0
1390,,120,182,104,12314,13543,0,1,0,0,368.6,13173,1
1391,,88,142,104,12332,13855,0,1,0,0,318.3,13485,1
1392,,62,131,104,12461,14146,0,1,1,0,0,13776,1
1393,39,71,136,104,12188,14173,0,1,1,0,0,13803,1
1394,,96,149,104,12005,13744,0,1,1,0,0,13374,1
1395,,111,183,104,11936,13438,0,1,0,0,285.1,13068,1
1396,,70,173,105,11651,13432,0,1,1,0,0,13062,1
1397,,99,138,105,11705,13615,0,1,1,0,0,13245,1
1398,,51,80,108,6803,13372,0,1,1,0,0,13002,1
1399,,88,129,108,6515,13360,0,1,1,0,0,12990,1
1400,,84,153,108,6185,13438,0,1,0,0,327.5,13068,1
1401,23,81,147,108,6341,13726,0,1,1,0,0,13356,1
1402,24,81,115,108,6200,13969,0,1,1,0,0,13599,1
1403,,110,163,108,5900,13636,0,1,1,0,0,13266,1
1404,,89,134,108,5861,13357,0,1,0,0,281.7,12987,1
1405,34,74,123,108,5576,13462,0,1,0,0,289.7,13092,1
1406,44,79,156,108,5681,13732,0,1,1,0,0,13362,1
1407,38,91,134,108,5387,13480,0,1,0,0,267.8,13110,1
1408,,101,167,108,5408,13747,0,1,1,0,0,13377,1
1409,,93,137,108,5309,14032,0,1,1,0,0,13662,1
1410,,75,105,108,5225,14251,0,1,1,0,0,13881,1
1411,53,91,159,109,4937,14074,0,0,0,0,338,13704,0
1412,61,132,179,109,5060,13855,0,1,0,0,305.5,13485,1
1413,,78,150,109,5105,13387,0,1,0,0,470.5,13017,1
1414,,129,189,109,4913,13450,0,1,0,0,577.3,13080,1
1415,,82,116,109,4742,13387,1,1,0,0,757.1,13017,3
1416,,103,154,109,4838,13687,0,1,0,0,573.1,13317,1
1417,64,108,171,109,4556,13684,0,1,0,0,567.2,13314,1
1418,,106,159,109,4649,13951,0,1,0,0,298.8,13581,1
1419,48,81,155,109,4616,14248,0,1,1,0,0,13878,1
1420,49,79,151,109,4373,13987,0,1,0,0,294,13617,1
1421,31,65,103,109,4361,13666,0,1,0,0,581,13296,1
1422,50,111,182,109,4172,13501,1,1,0,0,723.5,13131,3
1423,,109,177,109,4253,13723,0,1,0,0,503.9,13353,1
1424,,73,120,109,4199,14224,0,1,1,0,0,13854,1
1425,,88,141,109,3896,14206,0,1,1,0,0,13836,1
1426,40,105,160,109,3998,13933,0,1,0,0,291.4,13563,1
1427,51,135,174,109,3989,13630,0,1,0,0,583.5,13260,1
1428,54,85,148,109,3839,13429,1,1,0,0,779.1,13059,3
1429,60,133,169,109,3497,13435,1,1,0,0,725.6,13065,3
1430,,131,207,109,3629,13645,0,1,0,0,621.3,13275,1
1431,,100,151,109,3626,13843,0,1,0,0,452.4,13473,1
1432,39,80,149,109,3572,14086,0,1,0,0,318.5,13716,1
1433,,89,156,109,3554,14404,0,1,1,0,0,14034,1
1434,39,79,132,110,3404,14605,0,1,1,0,0,14235,1
1435,16,55,108,110,3284,14332,1,1,0,0,279.4,13962,3
1436,,91,159,110,3290,14026,1,1,0,0,461.1,13656,3
1437,,111,165,110,3419,13771,0,1,0,0,645.6,13401,1
1438,18,55,97,110,3065,13531,1,1,0,0,283.9,13161,3
1439,60,111,202,110,3089,13693,0,1,0,0,332.1,13323,1
1440,41,91,136,110,3125,13837,0,1,0,0,388.4,13467,1
1441,,66,111,110,3044,14020,0,1,0,0,268.4,13650,1
1442,41,109,176,110,3017,14227,0,1,0,0,300,13857,1
1443,,80,128,110,2654,14572,0,1,1,0,0,14202,1
1444,36,70,125,110,2675,14257,0,1,1,0,0,13887,1
1445,,94,141,110,2777,14047,0,1,1,0,0,13677,1
1446,,53,197,110,2738,13804,0,0,1,0,0,13434,0
1447,42,110,158,110,2783,13564,0,1,1,0,0,13194,1
1448,,97,164,110,2489,13462,0,1,1,0,0,13092,1
1449,,80,138,110,2198,13405,0,1,1,0,0,13035,1
1450,35,96,132,114,13223,14998,0,1,0,1,-496.8,14628,1
1451,,84,136,114,13964,15076,0,1,1,0,0,14706,1
1452,27,81,126,114,14126,15382,0,1,1,0,0,15012,1
1453,38,75,134,114,14300,15352,0,1,1,0,0,14982,1
1454,24,67,97,114,14492,15169,0,1,1,0,0,14799,1
1455,,85,155,114,14681,14983,0,1,1,0,0,14613,1
1456,,74,106,114,14867,14830,0,1,1,0,0,14460,1
,,,,,,,,,149,,,,
